Na,Cl,Water,Fe,Cu
0,0,0,0,0
4163.420744,1895.552906,1417.133157,14282.84958,15297.93913
226.4362837,72.10956428,62.70733984,632.9688712,635.3531851
224.3522235,62.97746484,60.86948906,535.2072566,532.8088165
270.8948493,75.45669841,82.481914,582.084616,578.1374637
425.5479006,150.7830021,126.160776,1073.278877,1016.058903
641.60197,258.98974,167.876536,1801.269577,1669.56934
654.4796741,188.8205429,172.7617102,1150.842857,1098.148457
632.9147163,143.824708,165.7964721,721.8645198,722.3832722
622.8305987,147.7992018,161.1204922,736.9234844,743.9319397
592.2739049,151.3679415,154.5293094,787.2083436,799.7544871
550.9346302,151.1535166,140.0425016,829.3548522,850.8113546
512.501247,148.3412556,125.3778943,855.2385169,890.5928698
473.9582449,142.261378,114.3366391,853.5043499,904.5296055
430.762377,133.714107,105.0756549,824.2014771,887.5238097
383.5023979,122.7378711,96.23523229,757.8350538,828.9566997
337.2670841,109.8027846,87.21589573,661.4492286,738.2514166
302.4747902,99.39262771,79.26477032,581.183708,663.8915313
280.4149809,93.81850588,73.49906036,544.2970186,630.9947532
263.3832856,92.46047534,69.52708749,547.009935,631.5432861
247.6862758,93.90101142,66.35359228,573.7144924,649.3148961
230.7178635,92.04900477,62.78195796,580.7840536,647.8465474
210.0264622,82.18968073,58.43960853,533.5813731,600.1046393
188.571632,69.24886008,54.24342674,459.6295346,530.9171043
170.6353066,59.75448285,50.8764144,401.8402197,476.8315447
156.4855699,54.156214,47.99440535,366.80712,442.9967439
144.7631516,50.36527513,45.15536482,342.4198354,418.2020136
134.5567375,47.02171463,42.25710593,320.4880869,394.5101078
125.4017592,43.6425368,39.35186858,298.6797706,369.7755815
117.0352944,40.27550477,36.55775982,278.1496205,345.8485356
109.3769356,37.15149132,34.0480804,260.4450371,325.0868707
102.4101248,34.36499466,31.89506799,245.6113878,307.8090162
96.19718052,31.8967539,30.04551389,232.9641657,292.9257216
90.81008682,29.76281595,28.44573754,221.9903106,279.3332396
86.10573689,28.01402207,27.06639236,212.3465961,266.3839885
81.87594123,26.68834347,25.85951998,203.7916486,253.8825613
78.06031504,25.74762508,24.73636542,196.1586723,241.9057712
74.83438768,25.1208002,23.67093952,189.4436381,230.7969577
72.44837539,24.78312581,22.75158607,183.8796401,221.0455493
71.16292705,24.84236184,22.10841441,180.251153,213.4354948
71.24084827,25.51451254,21.78067672,179.8945408,209.1357903
72.97300046,26.89942475,21.69249122,183.5066792,208.7467749
76.63095917,28.7301218,21.71788873,189.5760956,211.0354655
82.346922,30.5015453,21.78883692,194.5843133,213.0593562
90.00766999,32.03552695,22.01460129,195.3937975,212.0894147
99.0513721,33.744764,22.71644165,190.9962676,207.0684705
108.3420986,36.14719465,24.2062161,182.0948865,198.4188382
115.7459005,38.98659879,26.31683547,170.2399264,187.6300009
117.9606027,40.91424728,28.15175462,157.6999756,177.3040953
111.6526556,40.22967813,28.51468332,146.9703989,170.4851611
96.30061435,36.31468967,26.86450403,139.6503517,168.9159488
75.83482866,30.31517257,23.79438648,135.4430895,171.2411736
56.2469549,24.19350454,20.47647679,132.3756265,172.9864398
41.69465388,19.28869016,17.7621698,128.0051934,169.0296318
32.70600887,15.78608758,15.81567207,121.0747388,157.2548262
27.71301849,13.34052209,14.44206408,112.3668363,140.2296105
24.974374,11.66744978,13.44492654,103.91896,123.1292368
23.44564575,10.66587061,12.73994443,97.43436412,109.9788507
22.61723666,10.24265675,12.28256732,93.45884366,101.8852791
22.226687,10.24133808,12.02280622,91.54386417,97.6824032
22.09674853,10.47817458,11.89789104,90.92885564,95.69524806
22.08472441,10.80370241,11.84024987,90.94729072,94.73971946
22.0618482,11.11741483,11.78346162,91.09535616,94.24167766
21.91035796,11.34640167,11.66976945,90.91139521,93.93279895
21.54641886,11.41534715,11.46278124,89.90727699,93.58988322
20.95288538,11.25572267,11.15579983,87.69430794,92.99784973
20.19577151,10.84791356,10.77411712,84.22402608,92.01016349
19.38715398,10.24850258,10.36151816,79.86978742,90.52656597
18.62964953,9.56970276,9.96419589,75.2725408,88.41193693
17.96904879,8.91777615,9.61118641,70.98843013,85.49994522
17.40743252,8.35732752,9.31376172,67.31479083,81.79139703
16.93318164,7.90626712,9.07173937,64.28747784,77.61397828
16.54895155,7.56455598,8.8873642,61.81632419,73.53585293
16.26166124,7.32989232,8.76548583,59.8260933,70.12101456
16.06461256,7.20169865,8.70619309,58.27345902,67.66325868
15.92351209,7.16943991,8.69377115,57.1053467,66.10977713
15.78761506,7.20798642,8.69769335,56.24035913,65.16807483
15.61239482,7.28323667,8.6852625,55.60246435,64.44698086
15.38371368,7.36480685,8.63765811,55.24645805,63.61304387
15.1244673,7.43580692,8.55744325,55.49345371,62.49597163
14.88683784,7.49322459,8.46526464,57.01619929,61.12725994
14.73055518,7.54431847,8.38958802,60.76694485,59.70713608
14.70372556,7.60013813,8.35749486,67.67833241,58.48201281
14.8241569,7.66666294,8.38513899,78.04501641,57.61909287
15.06611265,7.73151475,8.46875912,90.84276328,57.10304356
15.35643721,7.75697037,8.57898194,103.4998484,56.72390653
15.58504004,7.68959582,8.66489759,112.4012074,56.16826613
15.63870928,7.48774181,8.6727672,114.4183357,55.16655114
15.4406802,7.14939278,8.56894642,108.3846941,53.63466176
14.98271791,6.71885409,8.35515625,95.78572409,51.71902622
14.32553925,6.26471411,8.06352446,79.9435135,49.71943551
13.5770909,5.8515246,7.73986381,64.51628488,47.97570521
12.84844228,5.51477238,7.42170332,51.97489824,46.7505205
12.22579721,5.26207551,7.13117123,43.20449051,46.2040217
11.75022015,5.08272357,6.87549316,37.81231567,46.38654514
11.4285449,4.96503609,6.65909469,34.8553944,47.23762278
11.24815337,4.90552496,6.4902352,33.46114885,48.56592961
11.19836017,4.91377039,6.3855213,33.06085821,50.05334506
11.27690981,5.00862286,6.36453565,33.38651631,51.33195299
11.48336336,5.20688662,6.44117457,34.33454357,52.09584948
11.80174003,5.50704308,6.6117535,35.8098374,52.21047381
12.18137493,5.87190217,6.84527244,37.60377793,51.71149852
12.53582542,6.22770004,7.08461713,39.36065274,50.7185631
12.75820014,6.47791091,7.25774921,40.64982507,49.31791692
12.76224535,6.54308433,7.30579164,41.08294821,47.55808182
12.51013031,6.38584752,7.20033787,40.48158592,45.43126869
12.03615465,6.03462197,6.95975532,38.94012715,43.08691311
11.43723469,5.5736047,6.64215095,36.73455384,40.69603324
10.81067244,5.08917168,6.30817062,34.28577899,38.56198618
10.25446883,4.66533302,6.01735136,31.9841458,36.93784825
9.81921073,4.34512489,5.80051738,30.01713473,35.9047674
9.51432637,4.13684941,5.66262426,28.51022085,35.44616033
9.31061346,4.0200693,5.58603632,27.40467202,35.38367476
9.1769825,3.9736675,5.54956585,26.63616,35.47784512
9.08135045,3.97648424,5.53116974,26.08847162,35.48139488
9.00281762,4.01281988,5.51579762,25.68926686,35.20510264
8.92982976,4.07300253,5.49741441,25.39366944,34.57904638
8.86210048,4.14847124,5.47953945,25.18378536,33.6320683
8.80276661,4.23149526,5.4714601,25.08024245,32.51266015
8.75512659,4.31393487,5.48263643,25.11454084,31.36149873
8.71785142,4.39096469,5.51745102,25.32248514,30.33962388
8.68740451,4.45554385,5.57069291,25.73255254,29.50541047
8.65772464,4.50064547,5.62784211,26.32925186,28.88932544
8.62412395,4.51731001,5.66925662,27.06875764,28.44398688
8.5843698,4.49579116,5.67868738,27.83224378,28.12066566
8.54159537,4.42759031,5.64672154,28.45642841,27.86991569
8.50189426,4.31099779,5.57567741,28.79020205,27.65649306
8.47244586,4.15545796,5.47837226,28.70837018,27.48328583
8.45779803,3.97389564,5.36871767,28.17734203,27.3720061
8.45990617,3.78815131,5.26235661,27.27794529,27.36626038
8.47600989,3.61688662,5.16902084,26.14196286,27.50701673
8.49910431,3.47374118,5.093384,24.96913258,27.80968248
8.52012127,3.36026878,5.03375662,23.88899492,28.25645465
8.52795426,3.27628331,4.98909963,23.00877378,28.76821822
8.51234183,3.2164416,4.95735362,22.36345326,29.22010004
8.466329,3.17492056,4.93685154,21.92141511,29.48634268
8.38587856,3.1455196,4.92510784,21.6514944,29.45300129
8.27386975,3.12467159,4.91951224,21.50502472,29.07077085
8.13858919,3.10946666,4.91639134,21.44941723,28.37619261
7.99397234,3.09788006,4.91196894,21.45467864,27.45089867
7.85058745,3.08797295,4.90307301,21.49565108,26.43165487
7.72139664,3.07837266,4.88807479,21.54443229,25.4536974
7.61306022,3.06776888,4.86702176,21.57207988,24.58593502
7.52725431,3.05537175,4.84173789,21.54803929,23.88716208
7.45846581,3.0406418,4.81420097,21.4462801,23.34254238
7.40165456,3.02417326,4.7874476,21.25482808,22.93600452
7.35110965,3.00698404,4.76376356,20.97155794,22.62051709
7.30314059,2.99005256,4.74417404,20.62050226,22.36502283
7.25690995,2.973825,4.72810774,20.2251888,22.13311762
7.21186795,2.95723586,4.71280583,19.82425293,21.90534892
7.16966167,2.93898784,4.69491612,19.45244929,21.67096818
7.13160058,2.91771211,4.67090094,19.12314601,21.41996258
7.0993911,2.89336865,4.63871475,18.85274596,21.15856393
7.07417397,2.86676223,4.59709131,18.63662035,20.88663395
7.05881808,2.84090158,4.54762167,18.47538145,20.61660698
7.05645089,2.81915435,4.49310182,18.36072229,20.34961312
7.07012219,2.80438889,4.43770159,18.29036607,20.09387914
7.10282722,2.79742317,4.38401074,18.26108378,19.85597527
7.15597434,2.79751947,4.33605226,18.26857818,19.63473812
7.22914967,2.80196645,4.29666943,18.30706166,19.43861417
7.3186921,2.80709858,4.26815918,18.36841394,19.26772796
7.42146687,2.80963327,4.25114814,18.43927442,19.12898381
7.52942562,2.80727979,4.24646068,18.50657534,19.02106044
7.63370444,2.7995703,4.25409135,18.5546133,18.94501629
7.72390745,2.78802977,4.27374847,18.57279341,18.89568431
7.79302758,2.77535381,4.30632676,18.55469538,18.86928653
7.83322338,2.76568474,4.35313531,18.50314641,18.86196783
7.84108379,2.76363066,4.41666948,18.42752172,18.8722739
7.81762475,2.773683,4.49900426,18.3463756,18.90162997
7.76655569,2.80021369,4.60417802,18.27866859,18.95402556
7.69434443,2.84627204,4.73136685,18.24476901,19.0306517
7.60746766,2.91307371,4.87619832,18.25676215,19.13065177
7.51159489,2.99829994,5.02733305,18.31677438,19.24183107
7.4065437,3.09939529,5.17320726,18.41675069,19.34716617
7.29255796,3.2082213,5.29468422,18.53735936,19.41886758
7.16788373,3.31488427,5.37510547,18.65444547,19.42843999
7.03307574,3.40701535,5.40293281,18.75076131,19.35248191
6.88677673,3.47465597,5.3754484,18.81435368,19.18093799
6.73447749,3.50578861,5.29791201,18.848871,18.91458419
6.58229313,3.49198821,5.18370308,18.86622985,18.57890088
6.43817663,3.42985474,5.0515423,18.88351273,18.19877162
6.30445004,3.31918459,4.91557967,18.91254879,17.81346829
6.18580169,3.16735445,4.79037197,18.95262673,17.45865642
6.08307881,2.98666066,4.68363648,18.98907751,17.1492629
5.99628095,2.79480805,4.5984227,18.99363844,16.90156335
5.92212552,2.60407237,4.53131504,18.93394217,16.7094186
5.86025377,2.43054341,4.4796985,18.7845688,16.56804981
5.80994324,2.28398091,4.4398476,18.52949271,16.46207872
5.77133707,2.16990356,4.40930865,18.17913739,16.38134696
5.7435206,2.08575654,4.38604387,17.74840131,16.31404039
5.72634272,2.02945398,4.36997985,17.27363716,16.25419772
5.71826359,1.99614605,4.36102168,16.79568077,16.1986461
5.71665267,1.9811522,4.35870771,16.33576703,16.14472399
5.71800149,1.980375,4.36168002,15.92501752,16.09293469
5.71848954,1.99129904,4.36758385,15.56686099,16.04127986
5.71461804,2.01184915,4.3729691,15.27182468,15.98870419
5.70416176,2.03970553,4.37364418,15.03107403,15.93045389
5.68624043,2.07300466,4.36504253,14.84154705,15.86211451
5.6621635,2.10830949,4.34252436,14.69605167,15.77926264
5.63479951,2.14176922,4.30192503,14.58184693,15.67550712
5.60812099,2.16899767,4.24067916,14.49088273,15.54999497
5.58498784,2.18669548,4.15547272,14.41082696,15.39952182
5.56769781,2.1915011,4.04635751,14.33445373,15.2291697
5.55598897,2.1817127,3.91473011,14.2544529,15.03988151
5.54718005,2.15755101,3.76553092,14.17158874,14.84164265
5.53636544,2.11998013,3.60068563,14.08897388,14.63738786
5.51804037,2.07194921,3.42796945,14.01767991,14.43601983
5.4872603,2.01709207,3.25437641,13.97185318,14.24533008
5.44171421,1.95999632,3.08855181,13.96491702,14.06573722
5.38059882,1.90338622,2.93345689,14.00825177,13.9036701
5.30762095,1.85142708,2.79643523,14.1076407,13.75735239
5.22871083,1.80721845,2.68230542,14.2569365,13.63063178
5.15201858,1.77364938,2.59632979,14.44521293,13.5216884
5.08340022,1.75216609,2.54180693,14.64669805,13.43398962
5.03008951,1.7449209,2.52661385,14.83909308,13.36788544
4.99666177,1.75323929,2.56053259,14.9951931,13.32775598
4.98559268,1.77759616,2.65580127,15.09678311,13.31818283
4.99721882,1.81862756,2.83164299,15.14091455,13.34462173
5.03082119,1.87540604,3.1072133,15.13549993,13.41238428
5.08429342,1.9460229,3.50137001,15.10118783,13.52764648
5.1537651,2.02632732,4.02071875,15.06520574,13.68959501
5.23660623,2.11323092,4.67593595,15.05204941,13.89755329
5.32690079,2.19972437,5.44336051,15.07822685,14.13844186
5.41809572,2.27847412,6.28094153,15.14435605,14.38964653
5.50177633,2.34119511,7.11561649,15.23771367,14.62939304
5.57169782,2.38209176,7.88418854,15.33035709,14.82252111
5.61949574,2.39502457,8.4920852,15.39202785,14.94361344
5.63947938,2.37740063,8.86370967,15.39171294,14.96791155
5.62900313,2.3307005,8.9493141,15.3080069,14.8846915
5.5882305,2.25822353,8.73599075,15.13406113,14.69804222
5.52066445,2.16734856,8.24541016,14.87080975,14.41952512
5.43229685,2.06662516,7.53565647,14.53484582,14.07576501
5.33148771,1.96562223,6.69593809,14.15195088,13.70050572
5.22343805,1.86937284,5.79497873,13.7374177,13.31469052
5.1155568,1.78380512,4.91958088,13.32070008,12.9493816
5.01278429,1.71116986,4.12960981,12.91046082,12.61296223
4.91936532,1.65190918,3.46725501,12.52743031,12.32015517
4.83530347,1.60304797,2.93177624,12.17179192,12.06623063
4.76254816,1.56269992,2.52541364,11.85206057,11.85125565
4.70141002,1.52832523,2.23118012,11.57252425,11.67165184
4.6523022,1.49829914,2.02856245,11.32709741,11.51834824
4.6139793,1.47101614,1.8911429,11.11943018,11.39026092
4.58659852,1.44675327,1.80185491,10.94359385,11.28206752
4.56954103,1.42621086,1.7452958,10.80190795,11.194796
4.56196671,1.41064262,1.71055779,10.69087461,11.12644884
4.56259278,1.40088918,1.68936653,10.61286468,11.07855537
4.57018358,1.39801436,1.67724951,10.56665855,11.04991172
4.58322403,1.40232517,1.67116845,10.55324288,11.03993164
4.59992337,1.41324375,1.66930321,10.57119292,11.04588001
4.61896733,1.42978086,1.67051761,10.61814453,11.06366541
4.63841805,1.44991462,1.67410564,10.68853647,11.0872073
4.65629516,1.47117985,1.67944768,10.77730878,11.10998227
4.67022592,1.49071362,1.68583615,10.87483264,11.12409442
4.67799061,1.50643015,1.69269788,10.97448254,11.12271473
4.67676977,1.51616933,1.69921411,11.065853,11.10027369
4.66409655,1.51888627,1.70466823,11.14338599,11.05299511
4.63845221,1.51471238,1.70847095,11.20043386,10.98061193
4.59850272,1.50471307,1.71040063,11.23354046,10.88685285
4.54498596,1.49097703,1.71040975,11.24273412,10.7749457
4.47988794,1.47616264,1.70877101,11.22944636,10.6538254
4.40720602,1.46319602,1.70595177,11.19665607,10.52814232
4.32938827,1.45433954,1.70232554,11.14887172,10.40679029
4.25127597,1.45171219,1.69819387,11.08860564,10.29210011
4.17653063,1.4565116,1.69356748,11.01858247,10.18821321
4.10853951,1.46893074,1.68822864,10.94036056,10.09691198
4.0474527,1.48878787,1.68158004,10.85164466,10.01568279
3.9944501,1.51483683,1.67311626,10.7529062,9.94464817
3.94909948,1.54530797,1.66239574,10.64107327,9.88045117
3.91081958,1.57760573,1.6493928,10.51868487,9.82263006
3.87773251,1.60981132,1.63401966,10.38542986,9.76850044
3.84927888,1.63882081,1.61692698,10.24826821,9.71799197
3.82470537,1.66189869,1.59889811,10.11032507,9.66903269
3.80366975,1.67649062,1.58099846,9.9797667,9.62109915
3.7852806,1.68097275,1.56366633,9.86407329,9.57347738
3.76922334,1.6739126,1.54769133,9.76563237,9.5238042
3.7547198,1.65490912,1.53338436,9.68869956,9.47163135
3.74083914,1.62480156,1.52087637,9.63090141,9.41446833
3.72597342,1.58425725,1.50967935,9.5895256,9.35236176
3.70882128,1.53553059,1.49955582,9.55702894,9.28338406
3.68805289,1.48114097,1.4900981,9.52528657,9.20814968
3.66299968,1.42448052,1.4810507,9.48553154,9.1282572
3.63280904,1.36718237,1.47199516,9.42857117,9.04352762
3.59814401,1.31240426,1.46291877,9.34942269,8.95773291
3.56023443,1.26224527,1.45381978,9.24338555,8.87155505
3.52139051,1.2185506,1.44485279,9.11319077,8.78924976
3.48312595,1.18107436,1.43591768,8.96022189,8.71139685
3.44825173,1.15019545,1.42718879,8.79433355,8.6412741
3.41889256,1.12515236,1.41873936,8.62054937,8.57836122
3.39675774,1.10492221,1.41073341,8.44938811,8.52348226
3.38211019,1.08770471,1.40313448,8.29050598,8.47638105
3.3751111,1.07243689,1.39624501,8.14714787,8.43490455
3.37494444,1.05818469,1.39040886,8.02691062,8.39867522
3.38025112,1.04469286,1.3861509,7.93041469,8.36613371
3.38971067,1.0319118,1.38401056,7.86149741,8.33801437
3.40197575,1.02080275,1.38477887,7.81993638,8.3150091
3.4160546,1.01263538,1.3892307,7.80746013,8.30010425
3.43136039,1.00890305,1.3980768,7.82451607,8.29659649
3.44748362,1.0109894,1.41167497,7.8716805,8.30882205
3.46469967,1.02002868,1.43051399,7.94737029,8.34013747
3.48274369,1.03654128,1.45426024,8.05082268,8.39359265
3.50123801,1.06026227,1.48218278,8.17526905,8.46814844
3.51918305,1.08974706,1.51269159,8.31565358,8.56227047
3.53563658,1.12370898,1.54468034,8.45867162,8.66759992
3.54864844,1.15934723,1.5757376,8.59425241,8.77659202
3.55620372,1.19381447,1.60358646,8.70648514,8.87611076
3.55635222,1.22402878,1.62582593,8.78074916,8.95259657
3.54744583,1.24826072,1.64104085,8.80682364,8.9957743
3.528377,1.26454773,1.64761328,8.77650176,8.99577221
3.49886575,1.27220769,1.64486927,8.68662067,8.94762331
3.45991369,1.27157244,1.63303992,8.54217849,8.85224621
3.41199561,1.26371536,1.61262356,8.34875976,8.71246214
3.35727705,1.25021209,1.58498735,8.12284722,8.53981674
3.2978181,1.23282099,1.55176375,7.87484899,8.34217218
3.2362854,1.21330065,1.51509038,7.62249532,8.13359166
3.17316191,1.19232059,1.47585109,7.38222833,7.92787214
3.11045381,1.17056831,1.43582124,7.16018144,7.73038219
3.04913801,1.14798888,1.39609955,6.96828926,7.55189802
2.99044863,1.12439074,1.35785681,6.80642457,7.3925981
2.93359769,1.09868994,1.32082853,6.67845503,7.25686207
2.87953613,1.07058866,1.28577516,6.57978373,7.14090465
2.82859967,1.03979719,1.25297299,6.50819317,7.04382208
2.78162996,1.0067139,1.22297355,6.45939869,6.96324224
2.73805828,0.97103409,1.19541888,6.42732935,6.89426533
2.6987638,0.93373751,1.17089376,6.40759598,6.83536845
2.66402698,0.89564628,1.14962846,6.39484428,6.78285272
2.63425402,0.85802724,1.13194568,6.38474817,6.73588584
2.60876223,0.82094515,1.11753253,6.37286695,6.69208313
2.5876169,0.78553212,1.10651621,6.35582409,6.65134664
2.57038193,0.75237969,1.09869754,6.33034541,6.61211513
2.55662574,0.72220127,1.0938024,6.29457349,6.57426113
2.54544752,0.69460868,1.09133448,6.24816086,6.53767957
2.53637548,0.66998888,1.09089891,6.19046268,6.50117549
2.52882134,0.64824695,1.09200155,6.12411073,6.46509116
2.52233848,0.62934469,1.09411218,6.05022332,6.42833836
2.51638995,0.61259031,1.09678486,5.97349865,6.39143841
2.51075751,0.59784999,1.09954076,5.89598777,6.35355611
2.50527463,0.58479192,1.10197094,5.82286739,6.31556998
2.49994774,0.57324728,1.10372311,5.75590885,6.2769759
2.49472217,0.56277553,1.10457959,5.69850988,6.23857388
2.48978642,0.55338569,1.10434979,5.65278691,6.20121146
2.48531339,0.54504186,1.10294825,5.6184869,6.16455154
2.48150425,0.53783549,1.10039179,5.59602225,6.12965857
2.4783873,0.53166659,1.09666306,5.58378033,6.09595721
2.47600915,0.52665417,1.09184953,5.5802217,6.06406897
2.47423594,0.52279394,1.08603348,5.58301853,6.0330561
2.47279716,0.52003641,1.07937457,5.58974727,6.00278589
2.47124158,0.51817348,1.07182145,5.59777765,5.97296435
2.46905289,0.51701132,1.06352538,5.60482941,5.94231287
2.46564284,0.516268,1.05457653,5.60850883,5.91080865
2.46049356,0.51564895,1.04516983,5.60683252,5.87722226
2.45299164,0.51486617,1.03521169,5.5980731,5.84180706
2.44279805,0.51371622,1.02490264,5.580603,5.80359044
2.42970985,0.51209419,1.01435327,5.55376904,5.76334499
2.41391481,0.51004556,1.00378887,5.5165119,5.72048912
2.39532678,0.50767908,0.99311595,5.469151,5.67593125
2.37456624,0.50527828,0.98258334,5.41304984,5.63087172
2.35231684,0.50318512,0.97235174,5.34840195,5.58527899
2.32966526,0.50178103,0.96270042,5.27836676,5.54105983
2.30709437,0.50138374,0.95362919,5.20371166,5.49829246
2.28581562,0.50229145,0.94544616,5.12827039,5.45873372
2.26673292,0.50467531,0.93834287,5.05273127,5.42228788
2.25072169,0.50852669,0.9325259,4.97982459,5.38986782
2.23790892,0.51382425,0.92796589,4.91172131,5.36196404
2.22860529,0.52030087,0.92474024,4.84795933,5.33797065
2.22257916,0.52760695,0.92276988,4.79023045,5.31813468
2.21927736,0.53522951,0.92189322,4.73725299,5.30164395
2.21778125,0.54284909,0.92185759,4.6896435,5.28834728
2.21709542,0.54990242,0.92239546,4.64570571,5.27744629
2.21611226,0.55594084,0.92321109,4.60553214,5.26866284
2.21381518,0.56055286,0.92401899,4.56751085,5.26135124
2.20927761,0.56357099,0.92460406,4.53142063,5.25519126
2.20186895,0.56480121,0.92478562,4.49716799,5.24985118
2.19122637,0.56423427,0.92446082,4.46384767,5.24485457
2.17743268,0.5620078,0.92360407,4.43216381,5.23993588
2.16038488,0.55826797,0.92221485,4.4016605,5.23460346
2.14060305,0.55327229,0.92035602,4.37324991,5.22856841
2.11863745,0.54727264,0.91810944,4.34664823,5.22131267
2.0953811,0.5405672,0.91559754,4.32262377,5.21264247
2.0710411,0.53319308,0.91287031,4.30077587,5.20212414
2.04654352,0.52533678,0.91006115,4.28129691,5.18971487
2.02254588,0.51707186,0.90728772,4.26413068,5.17560351
1.99986794,0.50853496,0.90470557,4.24858731,5.15968805
1.97854511,0.49959656,0.90240494,4.23459712,5.14260099
1.95922255,0.49041452,0.90057046,4.22148452,5.12436481
1.94219168,0.48110237,0.8993633,4.20918819,5.1057054
1.92776243,0.47191471,0.89893501,4.19719934,5.08649633
1.9156974,0.4628606,0.89939968,4.18546523,5.06701445
1.90611606,0.45425713,0.90084246,4.17396826,5.04733441
1.89889116,0.44632397,0.90327396,4.16234098,5.02670081
1.89387574,0.43932057,0.90658711,4.15065633,5.00501232
1.8907473,0.43324474,0.91069852,4.1384449,4.98119058
1.88934435,0.42825337,0.91534481,4.12566727,4.95510223
1.88946784,0.42435627,0.92022381,4.1117263,4.92569785
1.89094331,0.42151914,0.92493844,4.09657834,4.89328829
1.89370588,0.41956614,0.92921543,4.07962892,4.8572029
1.8977027,0.41836686,0.93263403,4.06083682,4.81807975
1.90291859,0.41772588,0.93485008,4.04035402,4.77698157
1.9092562,0.41743651,0.93556709,4.01781058,4.7339284
1.9167571,0.41728999,0.93456461,3.99381544,4.69080162
1.92515113,0.4171062,0.93165864,3.96808493,4.64776547
1.93405551,0.41673459,0.92675381,3.94136905,4.60666209
1.94279797,0.4160777,0.91990974,3.91332547,4.56744509
1.95078039,0.41506719,0.91103743,3.88439403,4.5311026
1.95696493,0.413705,0.90032269,3.85501191,4.49821416
1.96032013,0.41203648,0.88796322,3.82468253,4.46804994
1.95986284,0.41016692,0.87437209,3.79414252,4.44089017
1.95472032,0.4081697,0.85959608,3.76292386,4.41558915
1.94425891,0.40618948,0.84415051,3.73188942,4.39190326
1.92820501,0.40435176,0.82845241,3.70070538,4.3684628
1.90692227,0.40278278,0.81308783,3.67037877,4.34484681
1.88047246,0.40153692,0.79815335,3.64070592,4.3197079
1.84988883,0.4006876,0.78418601,3.61243933,4.29254694
1.81626017,0.40025387,0.77149833,3.58624686,4.26313827
1.78117536,0.40021413,0.76042559,3.56193011,4.23057808
1.74513739,0.40050817,0.75087454,3.54023349,4.19550083
1.70964767,0.40103985,0.74300891,3.52085607,4.15742099
1.67568359,0.40167494,0.73678195,3.5042309,4.11759187
1.64431628,0.40224439,0.73211274,3.48995177,4.07587591
1.61542688,0.40257667,0.72872678,3.47816083,4.03393921
1.58966712,0.4024723,0.72645984,3.46839241,3.99181978
1.56716381,0.40174565,0.72506849,3.4605009,3.95087079
1.54807228,0.40025566,0.72430529,3.4542259,3.9123535
1.53185867,0.39785315,0.72390495,3.44909675,3.87625381
1.51850841,0.3944851,0.7236356,3.44486681,3.8439576
1.50772958,0.39015178,0.72326975,3.44108759,3.81531493
1.49925982,0.38497756,0.72260849,3.43748456,3.79126814
1.492554,0.37898253,0.72145547,3.43364291,3.77152591
1.48731536,0.37239295,0.71965929,3.42928583,3.75640429
1.48314262,0.36541938,0.7170964,3.42420106,3.74587501
1.47967884,0.35835937,0.71372025,3.41807581,3.73945469
1.47649444,0.3512854,0.70941763,3.41090152,3.73687129
1.47331388,0.34446821,0.70422028,3.40247581,3.73753776
1.46988548,0.33807146,0.69817708,3.3929971,3.74081503
1.46607205,0.33227221,0.69145668,3.38236787,3.74606831
1.46169284,0.32702379,0.68405944,3.37095053,3.75246664
1.45675555,0.32241629,0.67623022,3.35867479,3.75941518
1.45129711,0.31843535,0.66818019,3.3457994,3.76616286
1.44546987,0.31506456,0.6602246,3.33254729,3.77203803
1.43928099,0.31216243,0.65244393,3.31863322,3.7766428
1.43293766,0.3096807,0.6451681,3.30421406,3.77947438
1.42659238,0.30753109,0.63863264,3.28874291,3.78028511
1.42038398,0.30563263,0.63304739,3.2721867,3.77886167
1.41448156,0.30393579,0.62862152,3.2537837,3.77507683
1.40883095,0.30235853,0.62537831,3.23326048,3.76893108
1.40351156,0.30089092,0.62341764,3.21048024,3.76060924
1.39848435,0.29952076,0.62271033,3.18470695,3.75010883
1.39370312,0.2982581,0.62313488,3.15637447,3.73788217
1.38892601,0.29707608,0.62450916,3.12501893,3.72397638
1.38402083,0.29598059,0.6265704,3.09162778,3.70900743
1.37878447,0.29495025,0.62900003,3.05608955,3.69301391
1.37307663,0.29395599,0.63142487,3.01988797,3.67664331
1.36660272,0.2929203,0.63354616,2.98318248,3.65982748
1.35928787,0.2917817,0.63501357,2.94732259,3.64291569
1.3510706,0.2904619,0.6355566,2.91361013,3.62614982
1.34207165,0.28890413,0.63499289,2.88221575,3.6091281
1.33222156,0.28701797,0.63320686,2.85447269,3.59202419
1.32181822,0.28478566,0.63018734,2.83029089,3.57421075
1.31115269,0.28220964,0.62601226,2.810386,3.55572008
1.30068255,0.27936226,0.62089188,2.79430117,3.53582331
1.29057014,0.27626431,0.61492645,2.78205859,3.51462603
1.28130036,0.27305685,0.60840209,2.77286034,3.49148262
1.27320506,0.26987606,0.60156277,2.76611064,3.46653369
1.26659582,0.2668972,0.59470582,2.76098723,3.44015839
1.26147611,0.26419846,0.5878797,2.75646287,3.41208494
1.25793184,0.26193281,0.58129871,2.75173426,3.38331074
1.25583382,0.26018902,0.57505299,2.74587956,3.35379569
1.25492398,0.25902335,0.56923826,2.73834859,3.32475877
1.25481069,0.25841287,0.56372712,2.72850119,3.29623858
1.2550501,0.25832742,0.55853951,2.71614267,3.26913075
1.25513947,0.25867983,0.55361222,2.70141321,3.2441732
1.25458603,0.25934109,0.54892171,2.68420881,3.22119845
1.25292062,0.2601821,0.54430421,2.66526667,3.20085872
1.24976259,0.2610428,0.5397534,2.6447305,3.18275814
1.24483909,0.26177032,0.53523062,2.62362781,3.16714609
1.23808482,0.26222225,0.53076119,2.60215768,3.15346516
1.22934964,0.26229232,0.52624775,2.58133939,3.14168899
1.21881089,0.26188772,0.5217421,2.56123477,3.13123202
1.20669956,0.26095658,0.51725501,2.54241975,3.12188221
1.19347766,0.25950094,0.51284175,2.52526407,3.11341293
1.17925049,0.25750965,0.50841539,2.50945801,3.10538726
1.16456013,0.25504519,0.50401658,2.49523272,3.09775822
1.14981985,0.25218362,0.49963011,2.4820984,3.09019614
1.13556371,0.24905329,0.49527716,2.47006822,3.08271272
1.12184258,0.2456947,0.49083965,2.45861922,3.07502176
1.10909847,0.24224767,0.48633523,2.44762903,3.06706779
1.09756202,0.23881643,0.48174578,2.43701689,3.05880105
1.08749674,0.23552663,0.47711851,2.42646045,3.049912
1.07880062,0.23238527,0.47238161,2.4161652,3.04045188
1.07163502,0.22948157,0.46763647,2.40599757,3.03011603
1.0659995,0.2268475,0.46297019,2.39631319,3.01904597
1.06188323,0.22451544,0.45854548,2.38710691,3.00699727
1.0591154,0.22242755,0.45441373,2.37876974,2.99426234
1.0576221,0.22058411,0.45078044,2.37131237,2.9806904
1.05724545,0.21894988,0.44780526,2.36495355,2.96657917
1.0577873,0.21749978,0.44565041,2.35978739,2.95228999
1.05904588,0.21616666,0.44438401,2.35565677,2.93776125
1.06078486,0.21493523,0.44410099,2.35249561,2.92351835
1.0627564,0.21378466,0.44481431,2.34999067,2.90947731
1.06469069,0.21271686,0.44645512,2.34787048,2.89609238
1.06638718,0.21171339,0.44895195,2.34571006,2.88320653
1.06760351,0.21080042,0.4521348,2.34315367,2.87114513
1.06815088,0.21000177,0.45580624,2.33975122,2.85966888
1.06789242,0.20935328,0.4597043,2.33516435,2.84886797
1.06673385,0.20887444,0.46368366,2.32916704,2.83876924
1.06464507,0.20860628,0.46748782,2.32142592,2.82906675
1.06166275,0.20858034,0.47092436,2.3119855,2.81985078
1.05792979,0.20882034,0.47380995,2.30063239,2.81082177
1.05352696,0.20935329,0.47609012,2.28766784,2.80206413
1.04869566,0.21019381,0.47766062,2.27296982,2.79331013
1.04367516,0.21134988,0.4784907,2.25686527,2.78457968
1.03876722,0.21280417,0.4785871,2.23977065,2.77590767
1.03411189,0.21457648,0.47798199,2.22157683,2.7670742
1.02997196,0.21663302,0.47671845,2.20288587,2.7582278
1.02650518,0.21894301,0.4748529,2.18352228,2.74915833
1.02382163,0.22143936,0.47247015,2.16405622,2.7400248
1.02186978,0.22412532,0.46957427,2.14422954,2.7306129
1.02059916,0.22692177,0.46623404,2.12455866,2.72109193
1.01984675,0.22977165,0.46248946,2.10473025,2.71125086
1.01938712,0.23258984,0.45841946,2.08503003,2.70118816
1.01893878,0.23538263,0.45397408,2.06573935,2.69103551
1.01821496,0.2380751,0.44923157,2.04655288,2.6806405
1.01693309,0.24062907,0.44423882,2.02796647,2.67030476
1.01487338,0.2429901,0.43910929,2.00971494,2.6599368
1.01180756,0.24518104,0.43381194,1.99229358,2.64988972
1.00763806,0.24715222,0.42849028,1.97546458,2.64010676
1.00233051,0.248877,0.42325026,1.95951897,2.63083267
0.99599922,0.25030976,0.41825842,1.94468665,2.62226009
0.9886256,0.2514399,0.41353201,1.9307095,2.61426955
0.98043795,0.25220244,0.40924266,1.91788245,2.60701947
0.97164478,0.2525425,0.40549969,1.90591404,2.60028871
0.96257332,0.25240779,0.40242404,1.89499157,2.59408136
0.95327748,0.25174473,0.40002236,1.88481169,2.58808259
0.94409205,0.25051364,0.39837449,1.87549778,2.58219722
0.93525216,0.24869615,0.39749731,1.86677853,2.57607125
0.92706124,0.24632748,0.39737762,1.85869273,2.5695409
0.91955519,0.24339613,0.39797712,1.85128112,2.56248857
0.91300821,0.23999148,0.39924251,1.84439152,2.5546219
0.90758108,0.2362087,0.40109686,1.83819751,2.54601035
0.90343686,0.23220622,0.40342237,1.83263238,2.53644222
0.90057246,0.22802905,0.40616505,1.82788748,2.52613495
0.89906454,0.22384813,0.40919197,1.82394879,2.51495026
0.89887304,0.21978613,0.41238541,1.82096997,2.50323409
0.89986585,0.21598585,0.41558994,1.81894001,2.49090231
0.9018691,0.21244846,0.4187468,1.81790892,2.47826342
0.9046062,0.20926527,0.4216955,1.81784169,2.46566444
0.90774004,0.20645629,0.42430958,1.81865759,2.45308218
0.91085804,0.20403588,0.42644781,1.82021531,2.44102153
0.91362898,0.20192193,0.42804256,1.82238048,2.42949252
0.91563567,0.20009253,0.42897141,1.82491631,2.41898232
0.91654112,0.19849176,0.42915758,1.8276654,2.40951267
0.91609784,0.19708021,0.4285617,1.83039278,2.40140416
0.91413847,0.19578808,0.42715413,1.83287938,2.39487172
0.91061415,0.19461025,0.42495497,1.83500928,2.38986682
0.90559491,0.19355332,0.42201911,1.83660639,2.38649466
0.899328,0.19266283,0.41847594,1.83760302,2.38459528
0.89194564,0.19198847,0.41437154,1.83790891,2.38402227
0.88382998,0.19163745,0.40988248,1.83748111,2.38448262
0.87533474,0.19172954,0.40516574,1.83629091,2.38560929
0.86689826,0.19238787,0.40043053,1.83427689,2.38700139
0.85866689,0.19376039,0.39573195,1.83140307,2.38818685
0.85099896,0.19596821,0.39125732,1.82765758,2.38869764
0.84409693,0.19911172,0.38712275,1.82289811,2.3881089
0.83814221,0.20320661,0.38345293,1.81715308,2.38606249
0.83305657,0.20835208,0.38023256,1.8102391,2.38222928
0.82887391,0.21446976,0.37753512,1.80224891,2.37651323
0.82549152,0.22145771,0.37536883,1.79299557,2.36874386
0.82277151,0.22907258,0.37373483,1.78256882,2.35904616
0.82044789,0.23725725,0.3725692,1.77114577,2.34774473
0.81830506,0.245677,0.37184698,1.75858415,2.33491174
0.81607619,0.25404314,0.37151239,1.74526669,2.32119151
0.81351918,0.26197659,0.37149848,1.73107296,2.3067405
0.81032454,0.26935073,0.37173061,1.71645937,2.29230364
0.80628619,0.27581474,0.37212628,1.70129687,2.27802038
0.801219,0.28114426,0.3725921,1.68605768,2.264561
0.7950666,0.28513587,0.3730223,1.67057741,2.25194963
0.78764666,0.2877659,0.37331812,1.65514328,2.24052804
0.77903739,0.28894441,0.37336267,1.6400196,2.23047324
0.76933869,0.28869208,0.3730448,1.62498337,2.22153637
0.75883822,0.28710807,0.37227069,1.61041283,2.21374668
0.74755979,0.28428029,0.37093373,1.59606738,2.20669077
0.73590406,0.2803735,0.36896751,1.58228981,2.20019068
0.72420695,0.27556472,0.36632587,1.5688397,2.19374197
0.71294001,0.27010122,0.36303063,1.55602775,2.18709961
0.70223151,0.26405866,0.35903131,1.54361787,2.17976649
0.69255334,0.25767523,0.35441015,1.53176115,2.17149869
0.68423482,0.25112689,0.34925172,1.52057066,2.16216796
0.67756903,0.24457753,0.3436696,1.50979686,2.15145056
0.6728409,0.23824126,0.33786148,1.49961975,2.13954275
0.67014239,0.23212112,0.33185907,1.4897671,2.12628679
0.66965934,0.22640131,0.32588155,1.48035899,2.11214199
0.67144596,0.22118041,0.32008881,1.4711044,2.09709637
0.67542326,0.21657903,0.31468544,1.46199628,2.0816397
0.68155929,0.2125527,0.3096939,1.45302289,2.0663173
0.68961589,0.20917418,0.30528483,1.44390676,2.05120842
0.69928851,0.20643468,0.30154443,1.43476317,2.03699202
0.71006374,0.20431251,0.29855617,1.42536088,2.02370463
0.72168709,0.20269305,0.29628363,1.41588438,2.01187568
0.73350604,0.20150238,0.29475569,1.40616904,2.00143995
0.74493166,0.20062,0.29393665,1.39648077,1.99269706
0.75526463,0.1999184,0.2937618,1.38672179,1.98546375
0.76414734,0.1992456,0.29414047,1.37712017,1.97975122
0.77095248,0.19847663,0.29496948,1.36791117,1.97543938
0.77526091,0.19749488,0.29612525,1.35904559,1.97223007
0.77677696,0.19622424,0.29746008,1.35082703,1.96995056
0.77538104,0.19458122,0.29886566,1.34317786,1.96830044
0.77104144,0.19255797,0.30019513,1.33629782,1.96706996
0.76390344,0.19017629,0.3013246,1.33002946,1.96600912
0.75435256,0.18752685,0.30214027,1.3243631,1.96493938
0.7425669,0.18465248,0.30257483,1.31919496,1.96372208
0.72908005,0.18170668,0.30256037,1.31419803,1.96222311
0.71437198,0.17883693,0.30206941,1.30920208,1.96040537
0.69907871,0.17622444,0.3011179,1.30378966,1.9581986
0.68332146,0.17396609,0.29971971,1.29774489,1.95564464
0.6676346,0.17222575,0.29794269,1.29062126,1.95271011
0.65232086,0.17111039,0.29586885,1.28228118,1.94948959
0.63774584,0.17068895,0.29361903,1.27232515,1.94596192
0.62374514,0.17097482,0.29125059,1.26068249,1.9422101
0.61053683,0.17194802,0.28889079,1.24744294,1.93832875
0.59812599,0.17352987,0.28663821,1.23237666,1.93429194
0.58658988,0.17557161,0.28459923,1.21592779,1.93023495
0.57562664,0.1779517,0.28280197,1.19798032,1.92612661
0.56528267,0.18045792,0.28132108,1.17918704,1.92210083
0.55548161,0.18288189,0.2801899,1.15949644,1.91812274
0.54624829,0.18499552,0.27942885,1.13966327,1.91431727
0.53733742,0.18665043,0.2790191,1.11963487,1.91064481
0.52880539,0.18765779,0.27895103,1.09995171,1.90717702
0.52062463,0.18789212,0.27919057,1.08110259,1.90396763
0.51285753,0.18728606,0.27968405,1.06294645,1.90096025
0.5053373,0.18579996,0.28038238,1.04604521,1.89821221
0.49814677,0.18345828,0.28121062,1.03019112,1.89564726
0.4912944,0.18032933,0.28208743,1.01579805,1.89328207
0.48486141,0.17656112,0.28291488,1.00261857,1.89101483
0.47874217,0.17220856,0.28361486,0.99082313,1.88880075
0.47304537,0.16745752,0.28407995,0.9804997,1.88657817
0.46782766,0.16246394,0.28421367,0.97140416,1.8842047
0.46320823,0.15743136,0.28393241,0.96367631,1.88162516
0.4591838,0.15239429,0.28315545,0.95709756,1.87867765
0.45591332,0.14752595,0.28182705,0.95173163,1.87531728
0.45351552,0.14292656,0.27991505,0.94738305,1.87137709
0.45211974,0.13871527,0.27744352,0.94404196,1.86685671
0.45180698,0.13486063,0.274386,0.94152272,1.86160374
0.45268429,0.13144366,0.27081796,0.93972899,1.8556309
0.45480075,0.12848215,0.26681738,0.93851811,1.84901373
0.45811219,0.12600166,0.26252734,0.93769947,1.84165655
0.46261816,0.1239401,0.25796824,0.93711731,1.83378702
0.46814668,0.12230282,0.25329664,0.93658278,1.8253576
0.47447412,0.1210569,0.24862238,0.93593912,1.81668474
0.48122808,0.12016775,0.24408961,0.93502,1.80776076
0.48818061,0.11956712,0.23968497,0.93370418,1.7988621
0.49483996,0.11920858,0.23551528,0.93192289,1.79026911
0.50074959,0.11902958,0.23161713,0.92959485,1.78199005
0.5054065,0.11896497,0.22804044,0.9267726,1.77435911
0.50847042,0.11894854,0.22470697,0.92345455,1.76735794
0.50949825,0.11891943,0.22163594,0.91981323,1.76122958
0.50818094,0.11882285,0.21879879,0.91592369,1.75590523
0.50436364,0.11861768,0.21618901,0.9120475,1.75150336
0.49787687,0.11827013,0.21372154,0.9083116,1.74789522
0.48877821,0.11776848,0.21139756,0.90497241,1.74504708
0.47722086,0.11711765,0.20919773,0.90226198,1.74285614
0.46361937,0.11634938,0.20713193,0.9003063,1.74112643
0.44804703,0.11548773,0.20515488,0.89928618,1.73972715
0.43105888,0.11459465,0.20329259,0.89927184,1.73845672
0.41312228,0.1137352,0.20155412,0.90029328,1.73718012
0.39490672,0.11298678,0.19996688,0.90233504,1.73573081
0.37650027,0.1124034,0.19851043,0.90525259,1.73403457
0.35852006,0.11205694,0.19721333,0.9089376,1.73199564
0.34134141,0.11199829,0.19608501,0.91313803,1.72961965
0.32542839,0.11225592,0.19514137,0.91753769,1.72697794
0.31068186,0.11284556,0.19436767,0.92193138,1.72410869
0.29742558,0.11375153,0.19377739,0.9259283,1.72120451
0.28573864,0.11493286,0.19337183,0.92931579,1.71837378
0.27572776,0.11630841,0.19315234,0.93176253,1.71585831
0.26714077,0.11781926,0.19311295,0.93309977,1.71379486
0.25999622,0.11934754,0.19325333,0.93313725,1.71238637
0.25416647,0.12077886,0.19356679,0.93180699,1.7117783
0.24954269,0.12198622,0.19403656,0.92906771,1.71205561
0.2458671,0.12288635,0.19465552,0.92503336,1.71325445
0.24302568,0.12337169,0.1953958,0.91974526,1.7153815
0.24085522,0.12337101,0.19622611,0.91348736,1.71831614
0.23921738,0.12284946,0.19709898,0.90634766,1.72198611
0.23794091,0.12178479,0.19798861,0.89870694,1.72614269
0.23692347,0.12020021,0.1988385,0.89064961,1.73066728
0.23606182,0.11814678,0.1996006,0.88248312,1.73530353
0.23527907,0.1157284,0.20022458,0.87449326,1.73980021
0.23449212,0.1129917,0.20068618,0.8666818,1.74407454
0.23365744,0.11006973,0.20095155,0.85933107,1.74791077
0.23273684,0.10707726,0.20100774,0.85237067,1.75131531
0.23171484,0.10415576,0.20085968,0.84598225,1.75421095
0.23055326,0.10134648,0.20052191,0.84003845,1.75671575
0.22925248,0.09876737,0.2000266,0.83458336,1.75891847
0.2278095,0.09648728,0.19941633,0.82962084,1.76097138
0.22624396,0.09457237,0.19874739,0.82499102,1.7631263
0.22453181,0.09301046,0.19805622,0.82072583,1.765566
0.22270229,0.09183098,0.1973962,0.8166734,1.76857257
0.22077489,0.09102391,0.19680492,0.81285665,1.77229735
0.21879534,0.09056692,0.19631112,0.80914194,1.77700026
0.21675283,0.09041291,0.19591244,0.80555785,1.78272062
0.21470197,0.09052034,0.19560473,0.80199066,1.78965771
0.21267998,0.09083361,0.195361,0.79844706,1.79777821
0.21074412,0.09128661,0.19514134,0.79494416,1.80693772
0.20888991,0.09182508,0.19488788,0.79140587,1.81721933
0.20716848,0.0923797,0.19454196,0.78792007,1.82825274
0.20560283,0.09288626,0.19404057,0.78445657,1.84005331
0.20421909,0.09328059,0.19333239,0.78115924,1.85213125
0.20298937,0.09351627,0.19235118,0.77807331,1.86445359
0.20191643,0.09354183,0.19106274,0.77541719,1.87647282
0.20097482,0.09332114,0.18944158,0.77334092,1.88813057
0.20013536,0.09283695,0.1875006,0.77212766,1.89899885
0.1993336,0.09206926,0.18520811,0.77206592,1.90869964
0.19852372,0.09102547,0.18260761,0.77347683,1.91718031
0.19764669,0.0897226,0.17974002,0.77666292,1.92405737
0.19665382,0.08820596,0.1766923,0.78201746,1.92930704
0.19546804,0.08648153,0.17346707,0.78972046,1.93271183
0.19404749,0.08460719,0.17016958,0.80016122,1.93428713
0.19234929,0.08262872,0.16688088,0.81341324,1.93399085
0.19036318,0.08061194,0.16371753,0.82931867,1.93191097
0.18802792,0.078556,0.16069954,0.84808621,1.92811031
0.18535463,0.07651672,0.15794503,0.86906449,1.92281058
0.18234857,0.07452247,0.15553566,0.89225775,1.91607922
0.17906311,0.07261393,0.15356556,0.91662389,1.90824761
0.17546009,0.07076709,0.15206209,0.94196029,1.89936049
0.17161236,0.06901328,0.15110648,0.96695824,1.88980275
0.16756963,0.06736185,0.15074493,0.99127342,1.87957605
0.16343215,0.06583772,0.15100269,1.01376856,1.86896246
0.1591765,0.06442178,0.15189857,1.03341908,1.8582435
0.15491021,0.063147,0.15342673,1.0498862,1.84734946
0.15069959,0.06203507,0.15555844,1.06222818,1.83663504
0.14665038,0.06112083,0.15821118,1.07024919,1.82599817
0.14273973,0.06041528,0.16136316,1.07352453,1.81576036
0.13906559,0.05996043,0.16488859,1.07205158,1.80580599
0.13567608,0.05978646,0.16866396,1.06589237,1.79633014
0.13261057,0.05991893,0.17254681,1.05546963,1.78750172
0.12992462,0.060369,0.17634238,1.04100351,1.77921291
0.12758235,0.06115241,0.17996636,1.02332427,1.77170007
0.12562287,0.06225923,0.18321513,1.00267706,1.76486956
0.12404603,0.06366756,0.185933,0.98011105,1.75891322
0.12285306,0.06532188,0.18796393,0.95578635,1.75375178
0.12200235,0.0672051,0.18923638,0.93077354,1.74952224
0.12148417,0.06923744,0.18964278,0.90507066,1.74615627
0.12126913,0.07134569,0.18913669,0.87936414,1.74370593
0.12132196,0.07343008,0.18773031,0.85424837,1.74216938
0.12160792,0.07545479,0.18542708,0.82944703,1.74148356
0.12209028,0.07732223,0.18230712,0.80561802,1.7416121
0.12273141,0.07896412,0.1784739,0.78234701,1.74248591
0.1234864,0.08031109,0.17410503,0.76012287,1.74399556
0.12433648,0.08134783,0.16925772,0.73845415,1.74605831
0.12524268,0.08203047,0.16413245,0.71771909,1.74850007
0.12617681,0.08234587,0.1588881,0.69740846,1.75121933
0.12710529,0.08229753,0.15372823,0.67765349,1.75402439
0.12802777,0.08189794,0.14868115,0.65857037,1.75670904
0.12891957,0.08116917,0.14391535,0.63970466,1.75914426
0.12977003,0.08014167,0.13952055,0.6214048,1.76109764
0.1305647,0.07886434,0.1355973,0.60328533,1.76242935
0.13131704,0.07734647,0.13209948,0.58573995,1.76294541
0.13201856,0.07563515,0.12907889,0.5684652,1.76250401
0.1326712,0.07376345,0.12652127,0.55173724,1.76096349
0.13327202,0.07178245,0.12441255,0.5358421,1.75825243
0.13383656,0.06967811,0.12266097,0.52060605,1.75423875
0.13436074,0.06749451,0.1212315,0.50651526,1.74895909
0.13484532,0.0652538,0.12005981,0.49347308,1.74228937
0.13528443,0.06300006,0.11908978,0.48194379,1.73437986
0.13568284,0.06070657,0.11823949,0.4718863,1.72510919
0.13602844,0.05841585,0.11746357,0.4636833,1.71473137
0.13631081,0.05614687,0.11671455,0.45731521,1.70311799
0.13651493,0.05394024,0.11596338,0.4529825,1.69047141
0.13662938,0.05176706,0.11516938,0.45074652,1.67704587
0.13663406,0.04966488,0.11432664,0.45054175,1.66267987
0.13651039,0.04764533,0.11343322,0.45227815,1.64778009
0.13624343,0.04573578,0.11250772,0.45581561,1.63214963
0.13581041,0.04390117,0.11154921,0.46082944,1.6162079
0.13519828,0.04216237,0.11059315,0.46709254,1.59971657
0.13439548,0.0405169,0.10967143,0.47416302,1.58291543
0.13340628,0.03897546,0.10882776,0.48151874,1.56604287
0.13220882,0.03750047,0.10808103,0.48884114,1.54879992
0.13081685,0.03610267,0.10747554,0.4955119,1.53157411
0.12924131,0.03477805,0.10704251,0.50121229,1.51403558
0.12751783,0.0335378,0.10680803,0.50541807,1.49655897
0.12563328,0.03235863,0.10678314,0.50786669,1.47879529
0.12363166,0.03126002,0.10697663,0.50824441,1.46111549
0.12154303,0.03025219,0.10738166,0.50638582,1.44316324
0.11942082,0.02935727,0.10797139,0.50220273,1.4251303
0.1172518,0.02857237,0.10872539,0.49580082,1.40721471
0.11508604,0.02792367,0.1095934,0.48717001,1.38906358
0.11294793,0.02742663,0.11051973,0.47668751,1.37106697
0.11087758,0.02709644,0.11143149,0.4644068,1.3528762
0.10884522,0.02693442,0.1122796,0.45089074,1.33488564
0.10687914,0.02694713,0.11298512,0.43620409,1.31674721
0.10498008,0.02712983,0.11348184,0.42099271,1.29885135
0.10316217,0.02746596,0.11371,0.40528363,1.280846
0.10138003,0.02794266,0.11362676,0.38954925,1.26292849
0.09964278,0.02853027,0.11319439,0.37422733,1.24528805
0.09794034,0.02919584,0.1123952,0.35923826,1.22756502
0.09628124,0.02989476,0.1112425,0.34507486,1.21012295
0.09462604,0.03060206,0.10972892,0.33158755,1.19260438
0.09299102,0.03127069,0.10789657,0.31914792,1.17537205
0.0913802,0.03186266,0.1057907,0.30755653,1.15808216
0.08981862,0.03233984,0.10349087,0.29696828,1.1409337
0.08828776,0.03268442,0.1010099,0.28746765,1.12413109
0.08682139,0.03287041,0.09843285,0.27882585,1.10737243
0.08543944,0.03288593,0.09581967,0.27116758,1.09105608
0.0841751,0.03273059,0.09325052,0.26426729,1.07491377
0.08302214,0.03240725,0.09071711,0.25818771,1.05935012
0.08201189,0.03193118,0.08828031,0.252716,1.04412401
0.08115844,0.03132441,0.08596244,0.24787209,1.02962294
0.08047748,0.03062272,0.08379564,0.24346045,1.01561736
0.07995933,0.02984403,0.08173484,0.23943737,1.00231478
0.07961106,0.02903045,0.07979351,0.23574621,0.989873
0.07942692,0.02821828,0.07795515,0.232224,0.97804183
0.07939639,0.02745049,0.0762165,0.22886552,0.96703862
0.07950554,0.02674378,0.07451936,0.22553475,0.95657909
0.07973972,0.02613503,0.07286028,0.22224724,0.94678761
0.08008196,0.02564751,0.07122047,0.21889737,0.93734121
0.08051028,0.02530082,0.06960244,0.21549719,0.92819507
0.08101712,0.02509726,0.06796443,0.21207685,0.91927265
0.08158317,0.02504295,0.06632082,0.20857577,0.91021137
0.08219453,0.02513182,0.06467548,0.20508859,0.90101757
0.08283209,0.02534733,0.06305439,0.20157795,0.89132774
0.08349775,0.02567338,0.06143781,0.1981575,0.88118416
0.08417435,0.02608158,0.0598594,0.19480402,0.87024473
0.08485101,0.02654041,0.05833763,0.19163399,0.85863252
0.08550937,0.0270104,0.05690521,0.18862899,0.84604279
0.08614995,0.02746565,0.05554929,0.1858654,0.83256426
0.08675077,0.02786615,0.05429894,0.18340321,0.81836043
0.08729458,0.02817948,0.053164,0.18121933,0.80318797
0.08775777,0.02837646,0.05215923,0.17937673,0.78743778
0.08812925,0.02843974,0.0512638,0.17784688,0.77089474
0.08838235,0.02835253,0.05048343,0.17666153,0.75402484
0.08849609,0.02810894,0.04980813,0.17578855,0.73662371
0.08845274,0.02771628,0.0492295,0.17523101,0.71919399
0.08823588,0.02717692,0.04871895,0.17495634,0.70152522
0.08783443,0.02651177,0.0482645,0.17494545,0.68393993
0.08724394,0.02574415,0.04784757,0.17516454,0.66674621
0.08647617,0.02491025,0.04745486,0.17558481,0.64970616
0.08552605,0.02402186,0.04706365,0.17616251,0.63326614
0.08441949,0.02311636,0.04666697,0.17687225,0.61716956
0.0831831,0.02222086,0.04625817,0.17766176,0.60180902
0.08186425,0.02136733,0.04583989,0.17850866,0.58691635
0.08047408,0.02055641,0.04540658,0.17936657,0.57268682
0.07906789,0.01980965,0.04497004,0.18018986,0.55927578
0.07768916,0.01913347,0.04454147,0.18096055,0.54641591
0.0763933,0.01853405,0.04413859,0.18163156,0.53436946
0.07519268,0.01799414,0.04376782,0.18218921,0.52287999
0.07413529,0.01751097,0.04344797,0.18260018,0.51216753
0.07324833,0.01707219,0.04319174,0.18285686,0.50199083
0.07255679,0.01666786,0.04301016,0.18294481,0.49253237
0.07205598,0.01627556,0.04290477,0.1828636,0.48356669
0.07175415,0.01588651,0.04287817,0.18261613,0.47515872
0.07164199,0.01548984,0.0429254,0.18221833,0.46734572
0.07170001,0.01508206,0.04303481,0.18167827,0.45992084
0.07190383,0.01465054,0.04319386,0.18102692,0.45298517
0.07222154,0.01419883,0.04338302,0.18027338,0.44633916
0.07261622,0.0137299,0.04358095,0.17945582,0.44005761
0.07304343,0.01325472,0.04376347,0.1785794,0.43394482
0.07347107,0.0127719,0.04391247,0.17767184,0.42799672
0.07385396,0.01229639,0.04400588,0.17675844,0.42220047
0.07415322,0.0118391,0.04402697,0.17583166,0.41636467
0.07433222,0.01141512,0.04396471,0.17491695,0.41053956
0.07436397,0.01102582,0.04381117,0.17399763,0.40453985
0.07422059,0.01068465,0.04356578,0.17309086,0.39843093
0.073883,0.0103988,0.0432338,0.17217347,0.39203899
0.07334557,0.01017554,0.04283075,0.17125811,0.38545955
0.07259204,0.01001347,0.04236419,0.1703192,0.37853607
0.07162878,0.00991652,0.0418579,0.16936002,0.37133003
0.07046457,0.00988416,0.04133456,0.16838615,0.36393095
0.06912939,0.00991365,0.04082328,0.16737518,0.35621467
0.06761671,0.01000214,0.04033703,0.16634793,0.34838208
0.0659656,0.01014502,0.03990317,0.16528604,0.34032945
0.06420639,0.01033673,0.03954074,0.16421635,0.33228919
0.0623913,0.01056833,0.03926705,0.16312409,0.32417259
0.06051756,0.01083765,0.03908652,0.16204036,0.31622587
0.05863893,0.01113497,0.03900734,0.1609529,0.30836776
0.05678986,0.01145222,0.03902904,0.15988382,0.30076142
0.05502047,0.01177756,0.03914438,0.15885506,0.29355394
0.05332312,0.01210902,0.03934568,0.15785725,0.28666211
0.05174129,0.01243435,0.03961831,0.15692288,0.28028049
0.05029491,0.01274458,0.03994555,0.15604555,0.27432
0.04901094,0.01302817,0.04030511,0.15525651,0.26893157
0.04787179,0.01328271,0.04068544,0.1545537,0.26402099
0.04689488,0.01349747,0.04106424,0.15396054,0.25965133
0.04607842,0.01366572,0.04142409,0.15349616,0.2558527
0.04541587,0.01378193,0.04174956,0.15316533,0.2525309
0.04490132,0.01384166,0.04202525,0.1529875,0.24973027
0.04451056,0.01384359,0.04224695,0.15296918,0.24736296
0.04423354,0.01378592,0.04240453,0.15311675,0.24544297
0.04405265,0.01366946,0.04249379,0.15343383,0.24389254
0.0439503,0.01349874,0.0425132,0.15390775,0.24270339
0.04390617,0.01327428,0.04246357,0.15453399,0.24180907
0.04390382,0.01300302,0.04234628,0.15528531,0.24118032
0.04392638,0.01269158,0.04216425,0.15612048,0.24077637
0.04395791,0.01235115,0.0419236,0.15701618,0.24054475
0.04398502,0.01198277,0.0416226,0.15790661,0.24044609
0.04399482,0.01159818,0.04126621,0.15875595,0.24043305
0.04397628,0.01120572,0.04085647,0.15948957,0.24046066
0.04392081,0.01081735,0.0403995,0.16006314,0.24048327
0.04381947,0.01043235,0.03988619,0.16040979,0.24045403
0.04366629,0.01006119,0.03932059,0.16047604,0.24032873
0.04345648,0.00970928,0.03870195,0.16021607,0.2400603
0.0431898,0.00938404,0.03803664,0.15959768,0.23961253
0.04285895,0.00908168,0.03731067,0.15858104,0.23893728
0.04246601,0.00880737,0.03653125,0.15717227,0.23801451
0.0420121,0.00856154,0.03570043,0.15534034,0.23679671
0.04150517,0.0083456,0.03483119,0.15313337,0.23528762
0.04093848,0.00815346,0.03391141,0.15052892,0.23344281
0.0403218,0.00798502,0.03295788,0.1475821,0.23127185
0.03966091,0.0078372,0.03198083,0.14437131,0.22880697
0.03896961,0.00770776,0.03100268,0.14088147,0.22601215
0.03824058,0.00759037,0.03001714,0.13723963,0.2229683
0.03748803,0.00748274,0.02904954,0.13343072,0.21964554
0.03671928,0.00738134,0.02811586,0.12959302,0.21615152
0.03594952,0.00728395,0.02724085,0.1257083,0.21246061
0.03516976,0.00718582,0.02642171,0.12191377,0.20869797
0.03439456,0.00708574,0.02568181,0.11818629,0.20483852
0.03363019,0.00698211,0.02503324,0.1146161,0.20097324
0.03289009,0.00687509,0.02449059,0.11128133,0.1971908
0.03216455,0.00676215,0.02404919,0.10815128,0.19345817
0.03146657,0.00664464,0.02371846,0.10532047,0.18988934
0.03080117,0.0065234,0.02349825,0.10275423,0.18644095
0.03017931,0.00640099,0.02338565,0.1005209,0.18320413
0.02959257,0.00627652,0.0233716,0.09858307,0.18012349
0.0290516,0.00615314,0.02344813,0.0969666,0.17723503
0.02855991,0.00603289,0.0236031,0.09567724,0.17455789
0.02812456,0.00591894,0.02381995,0.09467581,0.17202132
0.02773851,0.00581083,0.02408792,0.09396432,0.16965524
0.02740746,0.0057115,0.02438908,0.09350415,0.16738387
0.02713113,0.00562237,0.02470736,0.09327668,0.16522408
0.02690999,0.00554526,0.02502404,0.09324544,0.1631005
0.02673669,0.00547929,0.02533132,0.09337738,0.16102699
0.02660972,0.00542565,0.02561295,0.09363986,0.15893358
0.02652404,0.00538428,0.02585778,0.09399645,0.15681839
0.0264742,0.00535507,0.02605492,0.09440771,0.15468551
0.02645305,0.00533675,0.0262015,0.09484911,0.15247885
0.02645517,0.00532879,0.02629042,0.09528141,0.15023753
0.02647495,0.00533016,0.02631892,0.09568574,0.14791553
0.02650732,0.00533954,0.0262869,0.09602959,0.14556613
0.02654961,0.00535596,0.02619475,0.09629868,0.1431521
0.02659976,0.00537815,0.02604518,0.09647081,0.1407132
0.02665777,0.00540497,0.02584237,0.0965307,0.13829368
0.02672468,0.00543501,0.02559459,0.09646714,0.13586546
0.02680527,0.0054679,0.02530331,0.09627159,0.13350116
0.02690373,0.00550248,0.0249785,0.09593226,0.13117602
0.0270259,0.00553797,0.02462871,0.09545046,0.1289609
0.02717641,0.00557339,0.02426703,0.09481261,0.12683268
0.02736465,0.00560896,0.02389579,0.09403021,0.12485511
0.02759506,0.00564398,0.02352897,0.09308791,0.12300536
0.02787243,0.00567829,0.023177,0.09199633,0.12131927
0.02819646,0.00571158,0.0228534,0.09077499,0.11982218
0.02857541,0.00574478,0.02256127,0.08940798,0.11848961
0.02900587,0.00577802,0.02231305,0.08793558,0.11735038
0.02948557,0.005812,0.02211645,0.08634329,0.11637764
0.03000485,0.00584728,0.02197853,0.08468236,0.11558288
0.03056881,0.0058857,0.02190024,0.08294043,0.11493608
0.03116545,0.00592815,0.02188464,0.08117695,0.11443208
0.03178708,0.00597593,0.02193034,0.0793814,0.11403726
0.03241908,0.00602969,0.02203171,0.07759873,0.1137299
0.03306656,0.00609161,0.02218371,0.07587325,0.1134813
0.03371552,0.00616196,0.02237571,0.07419493,0.11325293
0.03435919,0.00624111,0.02259543,0.07262132,0.11301492
0.03498537,0.00632794,0.02282631,0.07114085,0.11272686
0.03560227,0.00642351,0.02305784,0.06980088,0.11236024
0.03619969,0.00652557,0.02327178,0.06858724,0.11187449
0.03677491,0.00663209,0.0234525,0.06752361,0.11124262
0.0373205,0.00673936,0.0235844,0.06662315,0.11044766
0.03784633,0.00684654,0.02365764,0.06586746,0.10945231
0.03834549,0.00694914,0.02366047,0.06526791,0.10826199
0.03881682,0.00704364,0.0235859,0.06480406,0.1068434
0.03925455,0.0071258,0.02343238,0.06447387,0.10522345
0.03966587,0.00719417,0.02319688,0.06425583,0.1033734
0.04004369,0.00724514,0.02288433,0.06413737,0.10134206
0.04038499,0.00727665,0.02250191,0.06409683,0.09910489
0.04068333,0.00728737,0.02206463,0.06411515,0.09670477
0.04094091,0.00727703,0.02157604,0.0641701,0.09419577
0.04115019,0.00724573,0.02105487,0.06424122,0.09155711
0.04130692,0.00719453,0.0205167,0.06430615,0.08887562
0.04140635,0.00712593,0.01998293,0.06434588,0.08613076
0.04144701,0.00704068,0.01945797,0.06434093,0.083413
0.04142469,0.00694184,0.01896187,0.06427404,0.08070028
0.04133738,0.00683196,0.0185076,0.06412995,0.07805298
0.04118592,0.00671468,0.01810991,0.06389902,0.07552606
0.04096712,0.00658969,0.01776919,0.06356682,0.07309308
0.04068313,0.00645979,0.01749604,0.06313344,0.07082498
0.0403358,0.00632609,0.0172942,0.06258611,0.06869213
0.03993226,0.00619054,0.01716597,0.06193513,0.06675031
0.03946754,0.00605029,0.0171078,0.06116903,0.06496723
0.03894943,0.00590618,0.01711851,0.06030803,0.06338231
0.03838239,0.0057573,0.0171935,0.05934147,0.06196158
0.03777774,0.00560413,0.01732509,0.0582871,0.06071684
0.03712826,0.00544234,0.01750889,0.05716815,0.05964908
0.03644568,0.00527245,0.01773579,0.05597437,0.05872393
0.03573619,0.00509373,0.01799718,0.05474403,0.05794541
0.03501403,0.0049079,0.01828104,0.05346674,0.05728022
0.03427159,0.00471142,0.01858415,0.0521839,0.05672339
0.0335242,0.00450712,0.01889463,0.05088474,0.05624365
0.03278049,0.00429657,0.01920359,0.04961101,0.05583092
0.032057,0.00408416,0.0194996,0.04835127,0.05545681
0.03134837,0.00386819,0.01978093,0.04713263,0.05510665
0.03067198,0.00365389,0.02003729,0.04597913,0.0547662
0.03003757,0.00344451,0.02026237,0.04487752,0.05441269
0.02946008,0.00324531,0.02044914,0.04385853,0.05404008
0.0289359,0.00305525,0.02059731,0.04290709,0.05362981
0.02847833,0.00287915,0.02070171,0.04204577,0.05318226
0.02809264,0.00271919,0.02076051,0.04125717,0.05268282
0.02778469,0.00257824,0.02077313,0.04054801,0.05213309
0.02754865,0.00245417,0.02074023,0.0399189,0.05153899
0.02738583,0.0023485,0.02066274,0.03934862,0.05088969
0.027291,0.00226044,0.0205427,0.03883821,0.05020114
0.02725603,0.00218911,0.02038448,0.03836419,0.04946261
0.02726922,0.00213091,0.02018754,0.03792171,0.04869266
0.02731753,0.002084,0.01995606,0.03748563,0.04787844
0.02738503,0.00204538,0.0196925,0.03704832,0.04703851
0.0274534,0.00201222,0.01940196,0.0365838,0.04615606
0.02750539,0.0019807,0.01907975,0.03607981,0.04523834
0.02752102,0.00194819,0.0187293,0.03552665,0.04429228
0.02748127,0.00191203,0.01835043,0.0348988,0.04329368
0.02736972,0.00187045,0.0179466,0.03419713,0.04225697
0.02716794,0.00182091,0.01750808,0.03339745,0.04115379
0.02686276,0.00176269,0.01703714,0.03250924,0.03999949
0.02644329,0.00169527,0.01653195,0.03151023,0.03876333
0.0259082,0.00161953,0.01599661,0.03040832,0.03745093
0.0252428,0.0015345,0.01541895,0.02921874,0.03607269
0.02445224,0.00144198,0.01480394,0.02792258,0.03459832
0.02354073,0.00134337,0.01415219,0.02655476,0.03305872
0.0225273,0.00124143,0.01347267,0.02509836,0.03142603
0.02140245,0.00113586,0.01275435,0.02359649,0.02974049
0.0201906,0.00102957,0.01200836,0.0220336,0.02797744
