0,0,0,0
0.009775,4163.420744,1895.552906,1417.133157
0.01955,226.4362837,72.10956428,62.70733984
0.029326,224.3522235,62.97746484,60.86948906
0.039101,270.8948493,75.45669841,82.481914
0.048876,425.5479006,150.7830021,126.160776
0.058651,641.60197,258.98974,167.876536
0.068426,654.4796741,188.8205429,172.7617102
0.078201,632.9147163,143.824708,165.7964721
0.087977,622.8305987,147.7992018,161.1204922
0.097752,592.2739049,151.3679415,154.5293094
0.10753,550.9346302,151.1535166,140.0425016
0.1173,512.501247,148.3412556,125.3778943
0.12708,473.9582449,142.261378,114.3366391
0.13685,430.762377,133.714107,105.0756549
0.14663,383.5023979,122.7378711,96.23523229
0.1564,337.2670841,109.8027846,87.21589573
0.16618,302.4747902,99.39262771,79.26477032
0.17595,280.4149809,93.81850588,73.49906036
0.18573,263.3832856,92.46047534,69.52708749
0.1955,247.6862758,93.90101142,66.35359228
0.20528,230.7178635,92.04900477,62.78195796
0.21505,210.0264622,82.18968073,58.43960853
0.22483,188.571632,69.24886008,54.24342674
0.2346,170.6353066,59.75448285,50.8764144
0.24438,156.4855699,54.156214,47.99440535
0.25415,144.7631516,50.36527513,45.15536482
0.26393,134.5567375,47.02171463,42.25710593
0.2737,125.4017592,43.6425368,39.35186858
0.28348,117.0352944,40.27550477,36.55775982
0.29326,109.3769356,37.15149132,34.0480804
0.30303,102.4101248,34.36499466,31.89506799
0.31281,96.19718052,31.8967539,30.04551389
0.32258,90.81008682,29.76281595,28.44573754
0.33236,86.10573689,28.01402207,27.06639236
0.34213,81.87594123,26.68834347,25.85951998
0.35191,78.06031504,25.74762508,24.73636542
0.36168,74.83438768,25.1208002,23.67093952
0.37146,72.44837539,24.78312581,22.75158607
0.38123,71.16292705,24.84236184,22.10841441
0.39101,71.24084827,25.51451254,21.78067672
0.40078,72.97300046,26.89942475,21.69249122
0.41056,76.63095917,28.7301218,21.71788873
0.42033,82.346922,30.5015453,21.78883692
0.43011,90.00766999,32.03552695,22.01460129
0.43988,99.0513721,33.744764,22.71644165
0.44966,108.3420986,36.14719465,24.2062161
0.45943,115.7459005,38.98659879,26.31683547
0.46921,117.9606027,40.91424728,28.15175462
0.47898,111.6526556,40.22967813,28.51468332
0.48876,96.30061435,36.31468967,26.86450403
0.49853,75.83482866,30.31517257,23.79438648
0.50831,56.2469549,24.19350454,20.47647679
0.51808,41.69465388,19.28869016,17.7621698
0.52786,32.70600887,15.78608758,15.81567207
0.53763,27.71301849,13.34052209,14.44206408
0.54741,24.974374,11.66744978,13.44492654
0.55718,23.44564575,10.66587061,12.73994443
0.56696,22.61723666,10.24265675,12.28256732
0.57674,22.226687,10.24133808,12.02280622
0.58651,22.09674853,10.47817458,11.89789104
0.59629,22.08472441,10.80370241,11.84024987
0.60606,22.0618482,11.11741483,11.78346162
0.61584,21.91035796,11.34640167,11.66976945
0.62561,21.54641886,11.41534715,11.46278124
0.63539,20.95288538,11.25572267,11.15579983
0.64516,20.19577151,10.84791356,10.77411712
0.65494,19.38715398,10.24850258,10.36151816
0.66471,18.62964953,9.56970276,9.96419589
0.67449,17.96904879,8.91777615,9.61118641
0.68426,17.40743252,8.35732752,9.31376172
0.69404,16.93318164,7.90626712,9.07173937
0.70381,16.54895155,7.56455598,8.8873642
0.71359,16.26166124,7.32989232,8.76548583
0.72336,16.06461256,7.20169865,8.70619309
0.73314,15.92351209,7.16943991,8.69377115
0.74291,15.78761506,7.20798642,8.69769335
0.75269,15.61239482,7.28323667,8.6852625
0.76246,15.38371368,7.36480685,8.63765811
0.77224,15.1244673,7.43580692,8.55744325
0.78201,14.88683784,7.49322459,8.46526464
0.79179,14.73055518,7.54431847,8.38958802
0.80156,14.70372556,7.60013813,8.35749486
0.81134,14.8241569,7.66666294,8.38513899
0.82111,15.06611265,7.73151475,8.46875912
0.83089,15.35643721,7.75697037,8.57898194
0.84066,15.58504004,7.68959582,8.66489759
0.85044,15.63870928,7.48774181,8.6727672
0.86022,15.4406802,7.14939278,8.56894642
0.86999,14.98271791,6.71885409,8.35515625
0.87977,14.32553925,6.26471411,8.06352446
0.88954,13.5770909,5.8515246,7.73986381
0.89932,12.84844228,5.51477238,7.42170332
0.90909,12.22579721,5.26207551,7.13117123
0.91887,11.75022015,5.08272357,6.87549316
0.92864,11.4285449,4.96503609,6.65909469
0.93842,11.24815337,4.90552496,6.4902352
0.94819,11.19836017,4.91377039,6.3855213
0.95797,11.27690981,5.00862286,6.36453565
0.96774,11.48336336,5.20688662,6.44117457
0.97752,11.80174003,5.50704308,6.6117535
0.98729,12.18137493,5.87190217,6.84527244
0.99707,12.53582542,6.22770004,7.08461713
1.0068,12.75820014,6.47791091,7.25774921
1.0166,12.76224535,6.54308433,7.30579164
1.0264,12.51013031,6.38584752,7.20033787
1.0362,12.03615465,6.03462197,6.95975532
1.0459,11.43723469,5.5736047,6.64215095
1.0557,10.81067244,5.08917168,6.30817062
1.0655,10.25446883,4.66533302,6.01735136
1.0753,9.81921073,4.34512489,5.80051738
1.085,9.51432637,4.13684941,5.66262426
1.0948,9.31061346,4.0200693,5.58603632
1.1046,9.1769825,3.9736675,5.54956585
1.1144,9.08135045,3.97648424,5.53116974
1.1241,9.00281762,4.01281988,5.51579762
1.1339,8.92982976,4.07300253,5.49741441
1.1437,8.86210048,4.14847124,5.47953945
1.1535,8.80276661,4.23149526,5.4714601
1.1632,8.75512659,4.31393487,5.48263643
1.173,8.71785142,4.39096469,5.51745102
1.1828,8.68740451,4.45554385,5.57069291
1.1926,8.65772464,4.50064547,5.62784211
1.2023,8.62412395,4.51731001,5.66925662
1.2121,8.5843698,4.49579116,5.67868738
1.2219,8.54159537,4.42759031,5.64672154
1.2317,8.50189426,4.31099779,5.57567741
1.2414,8.47244586,4.15545796,5.47837226
1.2512,8.45779803,3.97389564,5.36871767
1.261,8.45990617,3.78815131,5.26235661
1.2708,8.47600989,3.61688662,5.16902084
1.2805,8.49910431,3.47374118,5.093384
1.2903,8.52012127,3.36026878,5.03375662
1.3001,8.52795426,3.27628331,4.98909963
1.3099,8.51234183,3.2164416,4.95735362
1.3196,8.466329,3.17492056,4.93685154
1.3294,8.38587856,3.1455196,4.92510784
1.3392,8.27386975,3.12467159,4.91951224
1.349,8.13858919,3.10946666,4.91639134
1.3587,7.99397234,3.09788006,4.91196894
1.3685,7.85058745,3.08797295,4.90307301
1.3783,7.72139664,3.07837266,4.88807479
1.3881,7.61306022,3.06776888,4.86702176
1.3978,7.52725431,3.05537175,4.84173789
1.4076,7.45846581,3.0406418,4.81420097
1.4174,7.40165456,3.02417326,4.7874476
1.4272,7.35110965,3.00698404,4.76376356
1.437,7.30314059,2.99005256,4.74417404
1.4467,7.25690995,2.973825,4.72810774
1.4565,7.21186795,2.95723586,4.71280583
1.4663,7.16966167,2.93898784,4.69491612
1.4761,7.13160058,2.91771211,4.67090094
1.4858,7.0993911,2.89336865,4.63871475
1.4956,7.07417397,2.86676223,4.59709131
1.5054,7.05881808,2.84090158,4.54762167
1.5152,7.05645089,2.81915435,4.49310182
1.5249,7.07012219,2.80438889,4.43770159
1.5347,7.10282722,2.79742317,4.38401074
1.5445,7.15597434,2.79751947,4.33605226
1.5543,7.22914967,2.80196645,4.29666943
1.564,7.3186921,2.80709858,4.26815918
1.5738,7.42146687,2.80963327,4.25114814
1.5836,7.52942562,2.80727979,4.24646068
1.5934,7.63370444,2.7995703,4.25409135
1.6031,7.72390745,2.78802977,4.27374847
1.6129,7.79302758,2.77535381,4.30632676
1.6227,7.83322338,2.76568474,4.35313531
1.6325,7.84108379,2.76363066,4.41666948
1.6422,7.81762475,2.773683,4.49900426
1.652,7.76655569,2.80021369,4.60417802
1.6618,7.69434443,2.84627204,4.73136685
1.6716,7.60746766,2.91307371,4.87619832
1.6813,7.51159489,2.99829994,5.02733305
1.6911,7.4065437,3.09939529,5.17320726
1.7009,7.29255796,3.2082213,5.29468422
1.7107,7.16788373,3.31488427,5.37510547
1.7204,7.03307574,3.40701535,5.40293281
1.7302,6.88677673,3.47465597,5.3754484
1.74,6.73447749,3.50578861,5.29791201
1.7498,6.58229313,3.49198821,5.18370308
1.7595,6.43817663,3.42985474,5.0515423
1.7693,6.30445004,3.31918459,4.91557967
1.7791,6.18580169,3.16735445,4.79037197
1.7889,6.08307881,2.98666066,4.68363648
1.7986,5.99628095,2.79480805,4.5984227
1.8084,5.92212552,2.60407237,4.53131504
1.8182,5.86025377,2.43054341,4.4796985
1.828,5.80994324,2.28398091,4.4398476
1.8377,5.77133707,2.16990356,4.40930865
1.8475,5.7435206,2.08575654,4.38604387
1.8573,5.72634272,2.02945398,4.36997985
1.8671,5.71826359,1.99614605,4.36102168
1.8768,5.71665267,1.9811522,4.35870771
1.8866,5.71800149,1.980375,4.36168002
1.8964,5.71848954,1.99129904,4.36758385
1.9062,5.71461804,2.01184915,4.3729691
1.9159,5.70416176,2.03970553,4.37364418
1.9257,5.68624043,2.07300466,4.36504253
1.9355,5.6621635,2.10830949,4.34252436
1.9453,5.63479951,2.14176922,4.30192503
1.955,5.60812099,2.16899767,4.24067916
1.9648,5.58498784,2.18669548,4.15547272
1.9746,5.56769781,2.1915011,4.04635751
1.9844,5.55598897,2.1817127,3.91473011
1.9941,5.54718005,2.15755101,3.76553092
2.0039,5.53636544,2.11998013,3.60068563
2.0137,5.51804037,2.07194921,3.42796945
2.0235,5.4872603,2.01709207,3.25437641
2.0332,5.44171421,1.95999632,3.08855181
2.043,5.38059882,1.90338622,2.93345689
2.0528,5.30762095,1.85142708,2.79643523
2.0626,5.22871083,1.80721845,2.68230542
2.0723,5.15201858,1.77364938,2.59632979
2.0821,5.08340022,1.75216609,2.54180693
2.0919,5.03008951,1.7449209,2.52661385
2.1017,4.99666177,1.75323929,2.56053259
2.1114,4.98559268,1.77759616,2.65580127
2.1212,4.99721882,1.81862756,2.83164299
2.131,5.03082119,1.87540604,3.1072133
2.1408,5.08429342,1.9460229,3.50137001
2.1505,5.1537651,2.02632732,4.02071875
2.1603,5.23660623,2.11323092,4.67593595
2.1701,5.32690079,2.19972437,5.44336051
2.1799,5.41809572,2.27847412,6.28094153
2.1896,5.50177633,2.34119511,7.11561649
2.1994,5.57169782,2.38209176,7.88418854
2.2092,5.61949574,2.39502457,8.4920852
2.219,5.63947938,2.37740063,8.86370967
2.2287,5.62900313,2.3307005,8.9493141
2.2385,5.5882305,2.25822353,8.73599075
2.2483,5.52066445,2.16734856,8.24541016
2.2581,5.43229685,2.06662516,7.53565647
2.2678,5.33148771,1.96562223,6.69593809
2.2776,5.22343805,1.86937284,5.79497873
2.2874,5.1155568,1.78380512,4.91958088
2.2972,5.01278429,1.71116986,4.12960981
2.3069,4.91936532,1.65190918,3.46725501
2.3167,4.83530347,1.60304797,2.93177624
2.3265,4.76254816,1.56269992,2.52541364
2.3363,4.70141002,1.52832523,2.23118012
2.346,4.6523022,1.49829914,2.02856245
2.3558,4.6139793,1.47101614,1.8911429
2.3656,4.58659852,1.44675327,1.80185491
2.3754,4.56954103,1.42621086,1.7452958
2.3851,4.56196671,1.41064262,1.71055779
2.3949,4.56259278,1.40088918,1.68936653
2.4047,4.57018358,1.39801436,1.67724951
2.4145,4.58322403,1.40232517,1.67116845
2.4242,4.59992337,1.41324375,1.66930321
2.434,4.61896733,1.42978086,1.67051761
2.4438,4.63841805,1.44991462,1.67410564
2.4536,4.65629516,1.47117985,1.67944768
2.4633,4.67022592,1.49071362,1.68583615
2.4731,4.67799061,1.50643015,1.69269788
2.4829,4.67676977,1.51616933,1.69921411
2.4927,4.66409655,1.51888627,1.70466823
2.5024,4.63845221,1.51471238,1.70847095
2.5122,4.59850272,1.50471307,1.71040063
2.522,4.54498596,1.49097703,1.71040975
2.5318,4.47988794,1.47616264,1.70877101
2.5415,4.40720602,1.46319602,1.70595177
2.5513,4.32938827,1.45433954,1.70232554
2.5611,4.25127597,1.45171219,1.69819387
2.5709,4.17653063,1.4565116,1.69356748
2.5806,4.10853951,1.46893074,1.68822864
2.5904,4.0474527,1.48878787,1.68158004
2.6002,3.9944501,1.51483683,1.67311626
2.61,3.94909948,1.54530797,1.66239574
2.6197,3.91081958,1.57760573,1.6493928
2.6295,3.87773251,1.60981132,1.63401966
2.6393,3.84927888,1.63882081,1.61692698
2.6491,3.82470537,1.66189869,1.59889811
2.6588,3.80366975,1.67649062,1.58099846
2.6686,3.7852806,1.68097275,1.56366633
2.6784,3.76922334,1.6739126,1.54769133
2.6882,3.7547198,1.65490912,1.53338436
2.6979,3.74083914,1.62480156,1.52087637
2.7077,3.72597342,1.58425725,1.50967935
2.7175,3.70882128,1.53553059,1.49955582
2.7273,3.68805289,1.48114097,1.4900981
2.737,3.66299968,1.42448052,1.4810507
2.7468,3.63280904,1.36718237,1.47199516
2.7566,3.59814401,1.31240426,1.46291877
2.7664,3.56023443,1.26224527,1.45381978
2.7761,3.52139051,1.2185506,1.44485279
2.7859,3.48312595,1.18107436,1.43591768
2.7957,3.44825173,1.15019545,1.42718879
2.8055,3.41889256,1.12515236,1.41873936
2.8152,3.39675774,1.10492221,1.41073341
2.825,3.38211019,1.08770471,1.40313448
2.8348,3.3751111,1.07243689,1.39624501
2.8446,3.37494444,1.05818469,1.39040886
2.8543,3.38025112,1.04469286,1.3861509
2.8641,3.38971067,1.0319118,1.38401056
2.8739,3.40197575,1.02080275,1.38477887
2.8837,3.4160546,1.01263538,1.3892307
2.8935,3.43136039,1.00890305,1.3980768
2.9032,3.44748362,1.0109894,1.41167497
2.913,3.46469967,1.02002868,1.43051399
2.9228,3.48274369,1.03654128,1.45426024
2.9326,3.50123801,1.06026227,1.48218278
2.9423,3.51918305,1.08974706,1.51269159
2.9521,3.53563658,1.12370898,1.54468034
2.9619,3.54864844,1.15934723,1.5757376
2.9717,3.55620372,1.19381447,1.60358646
2.9814,3.55635222,1.22402878,1.62582593
2.9912,3.54744583,1.24826072,1.64104085
3.001,3.528377,1.26454773,1.64761328
3.0108,3.49886575,1.27220769,1.64486927
3.0205,3.45991369,1.27157244,1.63303992
3.0303,3.41199561,1.26371536,1.61262356
3.0401,3.35727705,1.25021209,1.58498735
3.0499,3.2978181,1.23282099,1.55176375
3.0596,3.2362854,1.21330065,1.51509038
3.0694,3.17316191,1.19232059,1.47585109
3.0792,3.11045381,1.17056831,1.43582124
3.089,3.04913801,1.14798888,1.39609955
3.0987,2.99044863,1.12439074,1.35785681
3.1085,2.93359769,1.09868994,1.32082853
3.1183,2.87953613,1.07058866,1.28577516
3.1281,2.82859967,1.03979719,1.25297299
3.1378,2.78162996,1.0067139,1.22297355
3.1476,2.73805828,0.97103409,1.19541888
3.1574,2.6987638,0.93373751,1.17089376
3.1672,2.66402698,0.89564628,1.14962846
3.1769,2.63425402,0.85802724,1.13194568
3.1867,2.60876223,0.82094515,1.11753253
3.1965,2.5876169,0.78553212,1.10651621
3.2063,2.57038193,0.75237969,1.09869754
3.216,2.55662574,0.72220127,1.0938024
3.2258,2.54544752,0.69460868,1.09133448
3.2356,2.53637548,0.66998888,1.09089891
3.2454,2.52882134,0.64824695,1.09200155
3.2551,2.52233848,0.62934469,1.09411218
3.2649,2.51638995,0.61259031,1.09678486
3.2747,2.51075751,0.59784999,1.09954076
3.2845,2.50527463,0.58479192,1.10197094
3.2942,2.49994774,0.57324728,1.10372311
3.304,2.49472217,0.56277553,1.10457959
3.3138,2.48978642,0.55338569,1.10434979
3.3236,2.48531339,0.54504186,1.10294825
3.3333,2.48150425,0.53783549,1.10039179
3.3431,2.4783873,0.53166659,1.09666306
3.3529,2.47600915,0.52665417,1.09184953
3.3627,2.47423594,0.52279394,1.08603348
3.3724,2.47279716,0.52003641,1.07937457
3.3822,2.47124158,0.51817348,1.07182145
3.392,2.46905289,0.51701132,1.06352538
3.4018,2.46564284,0.516268,1.05457653
3.4115,2.46049356,0.51564895,1.04516983
3.4213,2.45299164,0.51486617,1.03521169
3.4311,2.44279805,0.51371622,1.02490264
3.4409,2.42970985,0.51209419,1.01435327
3.4506,2.41391481,0.51004556,1.00378887
3.4604,2.39532678,0.50767908,0.99311595
3.4702,2.37456624,0.50527828,0.98258334
3.48,2.35231684,0.50318512,0.97235174
3.4897,2.32966526,0.50178103,0.96270042
3.4995,2.30709437,0.50138374,0.95362919
3.5093,2.28581562,0.50229145,0.94544616
3.5191,2.26673292,0.50467531,0.93834287
3.5288,2.25072169,0.50852669,0.9325259
3.5386,2.23790892,0.51382425,0.92796589
3.5484,2.22860529,0.52030087,0.92474024
3.5582,2.22257916,0.52760695,0.92276988
3.5679,2.21927736,0.53522951,0.92189322
3.5777,2.21778125,0.54284909,0.92185759
3.5875,2.21709542,0.54990242,0.92239546
3.5973,2.21611226,0.55594084,0.92321109
3.607,2.21381518,0.56055286,0.92401899
3.6168,2.20927761,0.56357099,0.92460406
3.6266,2.20186895,0.56480121,0.92478562
3.6364,2.19122637,0.56423427,0.92446082
3.6461,2.17743268,0.5620078,0.92360407
3.6559,2.16038488,0.55826797,0.92221485
3.6657,2.14060305,0.55327229,0.92035602
3.6755,2.11863745,0.54727264,0.91810944
3.6852,2.0953811,0.5405672,0.91559754
3.695,2.0710411,0.53319308,0.91287031
3.7048,2.04654352,0.52533678,0.91006115
3.7146,2.02254588,0.51707186,0.90728772
3.7243,1.99986794,0.50853496,0.90470557
3.7341,1.97854511,0.49959656,0.90240494
3.7439,1.95922255,0.49041452,0.90057046
3.7537,1.94219168,0.48110237,0.8993633
3.7634,1.92776243,0.47191471,0.89893501
3.7732,1.9156974,0.4628606,0.89939968
3.783,1.90611606,0.45425713,0.90084246
3.7928,1.89889116,0.44632397,0.90327396
3.8025,1.89387574,0.43932057,0.90658711
3.8123,1.8907473,0.43324474,0.91069852
3.8221,1.88934435,0.42825337,0.91534481
3.8319,1.88946784,0.42435627,0.92022381
3.8416,1.89094331,0.42151914,0.92493844
3.8514,1.89370588,0.41956614,0.92921543
3.8612,1.8977027,0.41836686,0.93263403
3.871,1.90291859,0.41772588,0.93485008
3.8807,1.9092562,0.41743651,0.93556709
3.8905,1.9167571,0.41728999,0.93456461
3.9003,1.92515113,0.4171062,0.93165864
3.9101,1.93405551,0.41673459,0.92675381
3.9198,1.94279797,0.4160777,0.91990974
3.9296,1.95078039,0.41506719,0.91103743
3.9394,1.95696493,0.413705,0.90032269
3.9492,1.96032013,0.41203648,0.88796322
3.9589,1.95986284,0.41016692,0.87437209
3.9687,1.95472032,0.4081697,0.85959608
3.9785,1.94425891,0.40618948,0.84415051
3.9883,1.92820501,0.40435176,0.82845241
3.998,1.90692227,0.40278278,0.81308783
4.0078,1.88047246,0.40153692,0.79815335
4.0176,1.84988883,0.4006876,0.78418601
4.0274,1.81626017,0.40025387,0.77149833
4.0371,1.78117536,0.40021413,0.76042559
4.0469,1.74513739,0.40050817,0.75087454
4.0567,1.70964767,0.40103985,0.74300891
4.0665,1.67568359,0.40167494,0.73678195
4.0762,1.64431628,0.40224439,0.73211274
4.086,1.61542688,0.40257667,0.72872678
4.0958,1.58966712,0.4024723,0.72645984
4.1056,1.56716381,0.40174565,0.72506849
4.1153,1.54807228,0.40025566,0.72430529
4.1251,1.53185867,0.39785315,0.72390495
4.1349,1.51850841,0.3944851,0.7236356
4.1447,1.50772958,0.39015178,0.72326975
4.1544,1.49925982,0.38497756,0.72260849
4.1642,1.492554,0.37898253,0.72145547
4.174,1.48731536,0.37239295,0.71965929
4.1838,1.48314262,0.36541938,0.7170964
4.1935,1.47967884,0.35835937,0.71372025
4.2033,1.47649444,0.3512854,0.70941763
4.2131,1.47331388,0.34446821,0.70422028
4.2229,1.46988548,0.33807146,0.69817708
4.2326,1.46607205,0.33227221,0.69145668
4.2424,1.46169284,0.32702379,0.68405944
4.2522,1.45675555,0.32241629,0.67623022
4.262,1.45129711,0.31843535,0.66818019
4.2717,1.44546987,0.31506456,0.6602246
4.2815,1.43928099,0.31216243,0.65244393
4.2913,1.43293766,0.3096807,0.6451681
4.3011,1.42659238,0.30753109,0.63863264
4.3109,1.42038398,0.30563263,0.63304739
4.3206,1.41448156,0.30393579,0.62862152
4.3304,1.40883095,0.30235853,0.62537831
4.3402,1.40351156,0.30089092,0.62341764
4.35,1.39848435,0.29952076,0.62271033
4.3597,1.39370312,0.2982581,0.62313488
4.3695,1.38892601,0.29707608,0.62450916
4.3793,1.38402083,0.29598059,0.6265704
4.3891,1.37878447,0.29495025,0.62900003
4.3988,1.37307663,0.29395599,0.63142487
4.4086,1.36660272,0.2929203,0.63354616
4.4184,1.35928787,0.2917817,0.63501357
4.4282,1.3510706,0.2904619,0.6355566
4.4379,1.34207165,0.28890413,0.63499289
4.4477,1.33222156,0.28701797,0.63320686
4.4575,1.32181822,0.28478566,0.63018734
4.4673,1.31115269,0.28220964,0.62601226
4.477,1.30068255,0.27936226,0.62089188
4.4868,1.29057014,0.27626431,0.61492645
4.4966,1.28130036,0.27305685,0.60840209
4.5064,1.27320506,0.26987606,0.60156277
4.5161,1.26659582,0.2668972,0.59470582
4.5259,1.26147611,0.26419846,0.5878797
4.5357,1.25793184,0.26193281,0.58129871
4.5455,1.25583382,0.26018902,0.57505299
4.5552,1.25492398,0.25902335,0.56923826
4.565,1.25481069,0.25841287,0.56372712
4.5748,1.2550501,0.25832742,0.55853951
4.5846,1.25513947,0.25867983,0.55361222
4.5943,1.25458603,0.25934109,0.54892171
4.6041,1.25292062,0.2601821,0.54430421
4.6139,1.24976259,0.2610428,0.5397534
4.6237,1.24483909,0.26177032,0.53523062
4.6334,1.23808482,0.26222225,0.53076119
4.6432,1.22934964,0.26229232,0.52624775
4.653,1.21881089,0.26188772,0.5217421
4.6628,1.20669956,0.26095658,0.51725501
4.6725,1.19347766,0.25950094,0.51284175
4.6823,1.17925049,0.25750965,0.50841539
4.6921,1.16456013,0.25504519,0.50401658
4.7019,1.14981985,0.25218362,0.49963011
4.7116,1.13556371,0.24905329,0.49527716
4.7214,1.12184258,0.2456947,0.49083965
4.7312,1.10909847,0.24224767,0.48633523
4.741,1.09756202,0.23881643,0.48174578
4.7507,1.08749674,0.23552663,0.47711851
4.7605,1.07880062,0.23238527,0.47238161
4.7703,1.07163502,0.22948157,0.46763647
4.7801,1.0659995,0.2268475,0.46297019
4.7898,1.06188323,0.22451544,0.45854548
4.7996,1.0591154,0.22242755,0.45441373
4.8094,1.0576221,0.22058411,0.45078044
4.8192,1.05724545,0.21894988,0.44780526
4.8289,1.0577873,0.21749978,0.44565041
4.8387,1.05904588,0.21616666,0.44438401
4.8485,1.06078486,0.21493523,0.44410099
4.8583,1.0627564,0.21378466,0.44481431
4.868,1.06469069,0.21271686,0.44645512
4.8778,1.06638718,0.21171339,0.44895195
4.8876,1.06760351,0.21080042,0.4521348
4.8974,1.06815088,0.21000177,0.45580624
4.9071,1.06789242,0.20935328,0.4597043
4.9169,1.06673385,0.20887444,0.46368366
4.9267,1.06464507,0.20860628,0.46748782
4.9365,1.06166275,0.20858034,0.47092436
4.9462,1.05792979,0.20882034,0.47380995
4.956,1.05352696,0.20935329,0.47609012
4.9658,1.04869566,0.21019381,0.47766062
4.9756,1.04367516,0.21134988,0.4784907
4.9853,1.03876722,0.21280417,0.4785871
4.9951,1.03411189,0.21457648,0.47798199
5.0049,1.02997196,0.21663302,0.47671845
5.0147,1.02650518,0.21894301,0.4748529
5.0244,1.02382163,0.22143936,0.47247015
5.0342,1.02186978,0.22412532,0.46957427
5.044,1.02059916,0.22692177,0.46623404
5.0538,1.01984675,0.22977165,0.46248946
5.0635,1.01938712,0.23258984,0.45841946
5.0733,1.01893878,0.23538263,0.45397408
5.0831,1.01821496,0.2380751,0.44923157
5.0929,1.01693309,0.24062907,0.44423882
5.1026,1.01487338,0.2429901,0.43910929
5.1124,1.01180756,0.24518104,0.43381194
5.1222,1.00763806,0.24715222,0.42849028
5.132,1.00233051,0.248877,0.42325026
5.1417,0.99599922,0.25030976,0.41825842
5.1515,0.9886256,0.2514399,0.41353201
5.1613,0.98043795,0.25220244,0.40924266
5.1711,0.97164478,0.2525425,0.40549969
5.1808,0.96257332,0.25240779,0.40242404
5.1906,0.95327748,0.25174473,0.40002236
5.2004,0.94409205,0.25051364,0.39837449
5.2102,0.93525216,0.24869615,0.39749731
5.2199,0.92706124,0.24632748,0.39737762
5.2297,0.91955519,0.24339613,0.39797712
5.2395,0.91300821,0.23999148,0.39924251
5.2493,0.90758108,0.2362087,0.40109686
5.259,0.90343686,0.23220622,0.40342237
5.2688,0.90057246,0.22802905,0.40616505
5.2786,0.89906454,0.22384813,0.40919197
5.2884,0.89887304,0.21978613,0.41238541
5.2981,0.89986585,0.21598585,0.41558994
5.3079,0.9018691,0.21244846,0.4187468
5.3177,0.9046062,0.20926527,0.4216955
5.3275,0.90774004,0.20645629,0.42430958
5.3372,0.91085804,0.20403588,0.42644781
5.347,0.91362898,0.20192193,0.42804256
5.3568,0.91563567,0.20009253,0.42897141
5.3666,0.91654112,0.19849176,0.42915758
5.3763,0.91609784,0.19708021,0.4285617
5.3861,0.91413847,0.19578808,0.42715413
5.3959,0.91061415,0.19461025,0.42495497
5.4057,0.90559491,0.19355332,0.42201911
5.4154,0.899328,0.19266283,0.41847594
5.4252,0.89194564,0.19198847,0.41437154
5.435,0.88382998,0.19163745,0.40988248
5.4448,0.87533474,0.19172954,0.40516574
5.4545,0.86689826,0.19238787,0.40043053
5.4643,0.85866689,0.19376039,0.39573195
5.4741,0.85099896,0.19596821,0.39125732
5.4839,0.84409693,0.19911172,0.38712275
5.4936,0.83814221,0.20320661,0.38345293
5.5034,0.83305657,0.20835208,0.38023256
5.5132,0.82887391,0.21446976,0.37753512
5.523,0.82549152,0.22145771,0.37536883
5.5327,0.82277151,0.22907258,0.37373483
5.5425,0.82044789,0.23725725,0.3725692
5.5523,0.81830506,0.245677,0.37184698
5.5621,0.81607619,0.25404314,0.37151239
5.5718,0.81351918,0.26197659,0.37149848
5.5816,0.81032454,0.26935073,0.37173061
5.5914,0.80628619,0.27581474,0.37212628
5.6012,0.801219,0.28114426,0.3725921
5.6109,0.7950666,0.28513587,0.3730223
5.6207,0.78764666,0.2877659,0.37331812
5.6305,0.77903739,0.28894441,0.37336267
5.6403,0.76933869,0.28869208,0.3730448
5.65,0.75883822,0.28710807,0.37227069
5.6598,0.74755979,0.28428029,0.37093373
5.6696,0.73590406,0.2803735,0.36896751
5.6794,0.72420695,0.27556472,0.36632587
5.6891,0.71294001,0.27010122,0.36303063
5.6989,0.70223151,0.26405866,0.35903131
5.7087,0.69255334,0.25767523,0.35441015
5.7185,0.68423482,0.25112689,0.34925172
5.7283,0.67756903,0.24457753,0.3436696
5.738,0.6728409,0.23824126,0.33786148
5.7478,0.67014239,0.23212112,0.33185907
5.7576,0.66965934,0.22640131,0.32588155
5.7674,0.67144596,0.22118041,0.32008881
5.7771,0.67542326,0.21657903,0.31468544
5.7869,0.68155929,0.2125527,0.3096939
5.7967,0.68961589,0.20917418,0.30528483
5.8065,0.69928851,0.20643468,0.30154443
5.8162,0.71006374,0.20431251,0.29855617
5.826,0.72168709,0.20269305,0.29628363
5.8358,0.73350604,0.20150238,0.29475569
5.8456,0.74493166,0.20062,0.29393665
5.8553,0.75526463,0.1999184,0.2937618
5.8651,0.76414734,0.1992456,0.29414047
5.8749,0.77095248,0.19847663,0.29496948
5.8847,0.77526091,0.19749488,0.29612525
5.8944,0.77677696,0.19622424,0.29746008
5.9042,0.77538104,0.19458122,0.29886566
5.914,0.77104144,0.19255797,0.30019513
5.9238,0.76390344,0.19017629,0.3013246
5.9335,0.75435256,0.18752685,0.30214027
5.9433,0.7425669,0.18465248,0.30257483
5.9531,0.72908005,0.18170668,0.30256037
5.9629,0.71437198,0.17883693,0.30206941
5.9726,0.69907871,0.17622444,0.3011179
5.9824,0.68332146,0.17396609,0.29971971
5.9922,0.6676346,0.17222575,0.29794269
6.002,0.65232086,0.17111039,0.29586885
6.0117,0.63774584,0.17068895,0.29361903
6.0215,0.62374514,0.17097482,0.29125059
6.0313,0.61053683,0.17194802,0.28889079
6.0411,0.59812599,0.17352987,0.28663821
6.0508,0.58658988,0.17557161,0.28459923
6.0606,0.57562664,0.1779517,0.28280197
6.0704,0.56528267,0.18045792,0.28132108
6.0802,0.55548161,0.18288189,0.2801899
6.0899,0.54624829,0.18499552,0.27942885
6.0997,0.53733742,0.18665043,0.2790191
6.1095,0.52880539,0.18765779,0.27895103
6.1193,0.52062463,0.18789212,0.27919057
6.129,0.51285753,0.18728606,0.27968405
6.1388,0.5053373,0.18579996,0.28038238
6.1486,0.49814677,0.18345828,0.28121062
6.1584,0.4912944,0.18032933,0.28208743
6.1681,0.48486141,0.17656112,0.28291488
6.1779,0.47874217,0.17220856,0.28361486
6.1877,0.47304537,0.16745752,0.28407995
6.1975,0.46782766,0.16246394,0.28421367
6.2072,0.46320823,0.15743136,0.28393241
6.217,0.4591838,0.15239429,0.28315545
6.2268,0.45591332,0.14752595,0.28182705
6.2366,0.45351552,0.14292656,0.27991505
6.2463,0.45211974,0.13871527,0.27744352
6.2561,0.45180698,0.13486063,0.274386
6.2659,0.45268429,0.13144366,0.27081796
6.2757,0.45480075,0.12848215,0.26681738
6.2854,0.45811219,0.12600166,0.26252734
6.2952,0.46261816,0.1239401,0.25796824
6.305,0.46814668,0.12230282,0.25329664
6.3148,0.47447412,0.1210569,0.24862238
6.3245,0.48122808,0.12016775,0.24408961
6.3343,0.48818061,0.11956712,0.23968497
6.3441,0.49483996,0.11920858,0.23551528
6.3539,0.50074959,0.11902958,0.23161713
6.3636,0.5054065,0.11896497,0.22804044
6.3734,0.50847042,0.11894854,0.22470697
6.3832,0.50949825,0.11891943,0.22163594
6.393,0.50818094,0.11882285,0.21879879
6.4027,0.50436364,0.11861768,0.21618901
6.4125,0.49787687,0.11827013,0.21372154
6.4223,0.48877821,0.11776848,0.21139756
6.4321,0.47722086,0.11711765,0.20919773
6.4418,0.46361937,0.11634938,0.20713193
6.4516,0.44804703,0.11548773,0.20515488
6.4614,0.43105888,0.11459465,0.20329259
6.4712,0.41312228,0.1137352,0.20155412
6.4809,0.39490672,0.11298678,0.19996688
6.4907,0.37650027,0.1124034,0.19851043
6.5005,0.35852006,0.11205694,0.19721333
6.5103,0.34134141,0.11199829,0.19608501
6.52,0.32542839,0.11225592,0.19514137
6.5298,0.31068186,0.11284556,0.19436767
6.5396,0.29742558,0.11375153,0.19377739
6.5494,0.28573864,0.11493286,0.19337183
6.5591,0.27572776,0.11630841,0.19315234
6.5689,0.26714077,0.11781926,0.19311295
6.5787,0.25999622,0.11934754,0.19325333
6.5885,0.25416647,0.12077886,0.19356679
6.5982,0.24954269,0.12198622,0.19403656
6.608,0.2458671,0.12288635,0.19465552
6.6178,0.24302568,0.12337169,0.1953958
6.6276,0.24085522,0.12337101,0.19622611
6.6373,0.23921738,0.12284946,0.19709898
6.6471,0.23794091,0.12178479,0.19798861
6.6569,0.23692347,0.12020021,0.1988385
6.6667,0.23606182,0.11814678,0.1996006
6.6764,0.23527907,0.1157284,0.20022458
6.6862,0.23449212,0.1129917,0.20068618
6.696,0.23365744,0.11006973,0.20095155
6.7058,0.23273684,0.10707726,0.20100774
6.7155,0.23171484,0.10415576,0.20085968
6.7253,0.23055326,0.10134648,0.20052191
6.7351,0.22925248,0.09876737,0.2000266
6.7449,0.2278095,0.09648728,0.19941633
6.7546,0.22624396,0.09457237,0.19874739
6.7644,0.22453181,0.09301046,0.19805622
6.7742,0.22270229,0.09183098,0.1973962
6.784,0.22077489,0.09102391,0.19680492
6.7937,0.21879534,0.09056692,0.19631112
6.8035,0.21675283,0.09041291,0.19591244
6.8133,0.21470197,0.09052034,0.19560473
6.8231,0.21267998,0.09083361,0.195361
6.8328,0.21074412,0.09128661,0.19514134
6.8426,0.20888991,0.09182508,0.19488788
6.8524,0.20716848,0.0923797,0.19454196
6.8622,0.20560283,0.09288626,0.19404057
6.8719,0.20421909,0.09328059,0.19333239
6.8817,0.20298937,0.09351627,0.19235118
6.8915,0.20191643,0.09354183,0.19106274
6.9013,0.20097482,0.09332114,0.18944158
6.911,0.20013536,0.09283695,0.1875006
6.9208,0.1993336,0.09206926,0.18520811
6.9306,0.19852372,0.09102547,0.18260761
6.9404,0.19764669,0.0897226,0.17974002
6.9501,0.19665382,0.08820596,0.1766923
6.9599,0.19546804,0.08648153,0.17346707
6.9697,0.19404749,0.08460719,0.17016958
6.9795,0.19234929,0.08262872,0.16688088
6.9892,0.19036318,0.08061194,0.16371753
6.999,0.18802792,0.078556,0.16069954
7.0088,0.18535463,0.07651672,0.15794503
7.0186,0.18234857,0.07452247,0.15553566
7.0283,0.17906311,0.07261393,0.15356556
7.0381,0.17546009,0.07076709,0.15206209
7.0479,0.17161236,0.06901328,0.15110648
7.0577,0.16756963,0.06736185,0.15074493
7.0674,0.16343215,0.06583772,0.15100269
7.0772,0.1591765,0.06442178,0.15189857
7.087,0.15491021,0.063147,0.15342673
7.0968,0.15069959,0.06203507,0.15555844
7.1065,0.14665038,0.06112083,0.15821118
7.1163,0.14273973,0.06041528,0.16136316
7.1261,0.13906559,0.05996043,0.16488859
7.1359,0.13567608,0.05978646,0.16866396
7.1457,0.13261057,0.05991893,0.17254681
7.1554,0.12992462,0.060369,0.17634238
7.1652,0.12758235,0.06115241,0.17996636
7.175,0.12562287,0.06225923,0.18321513
7.1848,0.12404603,0.06366756,0.185933
7.1945,0.12285306,0.06532188,0.18796393
7.2043,0.12200235,0.0672051,0.18923638
7.2141,0.12148417,0.06923744,0.18964278
7.2239,0.12126913,0.07134569,0.18913669
7.2336,0.12132196,0.07343008,0.18773031
7.2434,0.12160792,0.07545479,0.18542708
7.2532,0.12209028,0.07732223,0.18230712
7.263,0.12273141,0.07896412,0.1784739
7.2727,0.1234864,0.08031109,0.17410503
7.2825,0.12433648,0.08134783,0.16925772
7.2923,0.12524268,0.08203047,0.16413245
7.3021,0.12617681,0.08234587,0.1588881
7.3118,0.12710529,0.08229753,0.15372823
7.3216,0.12802777,0.08189794,0.14868115
7.3314,0.12891957,0.08116917,0.14391535
7.3412,0.12977003,0.08014167,0.13952055
7.3509,0.1305647,0.07886434,0.1355973
7.3607,0.13131704,0.07734647,0.13209948
7.3705,0.13201856,0.07563515,0.12907889
7.3803,0.1326712,0.07376345,0.12652127
7.39,0.13327202,0.07178245,0.12441255
7.3998,0.13383656,0.06967811,0.12266097
7.4096,0.13436074,0.06749451,0.1212315
7.4194,0.13484532,0.0652538,0.12005981
7.4291,0.13528443,0.06300006,0.11908978
7.4389,0.13568284,0.06070657,0.11823949
7.4487,0.13602844,0.05841585,0.11746357
7.4585,0.13631081,0.05614687,0.11671455
7.4682,0.13651493,0.05394024,0.11596338
7.478,0.13662938,0.05176706,0.11516938
7.4878,0.13663406,0.04966488,0.11432664
7.4976,0.13651039,0.04764533,0.11343322
7.5073,0.13624343,0.04573578,0.11250772
7.5171,0.13581041,0.04390117,0.11154921
7.5269,0.13519828,0.04216237,0.11059315
7.5367,0.13439548,0.0405169,0.10967143
7.5464,0.13340628,0.03897546,0.10882776
7.5562,0.13220882,0.03750047,0.10808103
7.566,0.13081685,0.03610267,0.10747554
7.5758,0.12924131,0.03477805,0.10704251
7.5855,0.12751783,0.0335378,0.10680803
7.5953,0.12563328,0.03235863,0.10678314
7.6051,0.12363166,0.03126002,0.10697663
7.6149,0.12154303,0.03025219,0.10738166
7.6246,0.11942082,0.02935727,0.10797139
7.6344,0.1172518,0.02857237,0.10872539
7.6442,0.11508604,0.02792367,0.1095934
7.654,0.11294793,0.02742663,0.11051973
7.6637,0.11087758,0.02709644,0.11143149
7.6735,0.10884522,0.02693442,0.1122796
7.6833,0.10687914,0.02694713,0.11298512
7.6931,0.10498008,0.02712983,0.11348184
7.7028,0.10316217,0.02746596,0.11371
7.7126,0.10138003,0.02794266,0.11362676
7.7224,0.09964278,0.02853027,0.11319439
7.7322,0.09794034,0.02919584,0.1123952
7.7419,0.09628124,0.02989476,0.1112425
7.7517,0.09462604,0.03060206,0.10972892
7.7615,0.09299102,0.03127069,0.10789657
7.7713,0.0913802,0.03186266,0.1057907
7.781,0.08981862,0.03233984,0.10349087
7.7908,0.08828776,0.03268442,0.1010099
7.8006,0.08682139,0.03287041,0.09843285
7.8104,0.08543944,0.03288593,0.09581967
7.8201,0.0841751,0.03273059,0.09325052
7.8299,0.08302214,0.03240725,0.09071711
7.8397,0.08201189,0.03193118,0.08828031
7.8495,0.08115844,0.03132441,0.08596244
7.8592,0.08047748,0.03062272,0.08379564
7.869,0.07995933,0.02984403,0.08173484
7.8788,0.07961106,0.02903045,0.07979351
7.8886,0.07942692,0.02821828,0.07795515
7.8983,0.07939639,0.02745049,0.0762165
7.9081,0.07950554,0.02674378,0.07451936
7.9179,0.07973972,0.02613503,0.07286028
7.9277,0.08008196,0.02564751,0.07122047
7.9374,0.08051028,0.02530082,0.06960244
7.9472,0.08101712,0.02509726,0.06796443
7.957,0.08158317,0.02504295,0.06632082
7.9668,0.08219453,0.02513182,0.06467548
7.9765,0.08283209,0.02534733,0.06305439
7.9863,0.08349775,0.02567338,0.06143781
7.9961,0.08417435,0.02608158,0.0598594
8.0059,0.08485101,0.02654041,0.05833763
8.0156,0.08550937,0.0270104,0.05690521
8.0254,0.08614995,0.02746565,0.05554929
8.0352,0.08675077,0.02786615,0.05429894
8.045,0.08729458,0.02817948,0.053164
8.0547,0.08775777,0.02837646,0.05215923
8.0645,0.08812925,0.02843974,0.0512638
8.0743,0.08838235,0.02835253,0.05048343
8.0841,0.08849609,0.02810894,0.04980813
8.0938,0.08845274,0.02771628,0.0492295
8.1036,0.08823588,0.02717692,0.04871895
8.1134,0.08783443,0.02651177,0.0482645
8.1232,0.08724394,0.02574415,0.04784757
8.1329,0.08647617,0.02491025,0.04745486
8.1427,0.08552605,0.02402186,0.04706365
8.1525,0.08441949,0.02311636,0.04666697
8.1623,0.0831831,0.02222086,0.04625817
8.172,0.08186425,0.02136733,0.04583989
8.1818,0.08047408,0.02055641,0.04540658
8.1916,0.07906789,0.01980965,0.04497004
8.2014,0.07768916,0.01913347,0.04454147
8.2111,0.0763933,0.01853405,0.04413859
8.2209,0.07519268,0.01799414,0.04376782
8.2307,0.07413529,0.01751097,0.04344797
8.2405,0.07324833,0.01707219,0.04319174
8.2502,0.07255679,0.01666786,0.04301016
8.26,0.07205598,0.01627556,0.04290477
8.2698,0.07175415,0.01588651,0.04287817
8.2796,0.07164199,0.01548984,0.0429254
8.2893,0.07170001,0.01508206,0.04303481
8.2991,0.07190383,0.01465054,0.04319386
8.3089,0.07222154,0.01419883,0.04338302
8.3187,0.07261622,0.0137299,0.04358095
8.3284,0.07304343,0.01325472,0.04376347
8.3382,0.07347107,0.0127719,0.04391247
8.348,0.07385396,0.01229639,0.04400588
8.3578,0.07415322,0.0118391,0.04402697
8.3675,0.07433222,0.01141512,0.04396471
8.3773,0.07436397,0.01102582,0.04381117
8.3871,0.07422059,0.01068465,0.04356578
8.3969,0.073883,0.0103988,0.0432338
8.4066,0.07334557,0.01017554,0.04283075
8.4164,0.07259204,0.01001347,0.04236419
8.4262,0.07162878,0.00991652,0.0418579
8.436,0.07046457,0.00988416,0.04133456
8.4457,0.06912939,0.00991365,0.04082328
8.4555,0.06761671,0.01000214,0.04033703
8.4653,0.0659656,0.01014502,0.03990317
8.4751,0.06420639,0.01033673,0.03954074
8.4848,0.0623913,0.01056833,0.03926705
8.4946,0.06051756,0.01083765,0.03908652
8.5044,0.05863893,0.01113497,0.03900734
8.5142,0.05678986,0.01145222,0.03902904
8.5239,0.05502047,0.01177756,0.03914438
8.5337,0.05332312,0.01210902,0.03934568
8.5435,0.05174129,0.01243435,0.03961831
8.5533,0.05029491,0.01274458,0.03994555
8.563,0.04901094,0.01302817,0.04030511
8.5728,0.04787179,0.01328271,0.04068544
8.5826,0.04689488,0.01349747,0.04106424
8.5924,0.04607842,0.01366572,0.04142409
8.6022,0.04541587,0.01378193,0.04174956
8.6119,0.04490132,0.01384166,0.04202525
8.6217,0.04451056,0.01384359,0.04224695
8.6315,0.04423354,0.01378592,0.04240453
8.6413,0.04405265,0.01366946,0.04249379
8.651,0.0439503,0.01349874,0.0425132
8.6608,0.04390617,0.01327428,0.04246357
8.6706,0.04390382,0.01300302,0.04234628
8.6804,0.04392638,0.01269158,0.04216425
8.6901,0.04395791,0.01235115,0.0419236
8.6999,0.04398502,0.01198277,0.0416226
8.7097,0.04399482,0.01159818,0.04126621
8.7195,0.04397628,0.01120572,0.04085647
8.7292,0.04392081,0.01081735,0.0403995
8.739,0.04381947,0.01043235,0.03988619
8.7488,0.04366629,0.01006119,0.03932059
8.7586,0.04345648,0.00970928,0.03870195
8.7683,0.0431898,0.00938404,0.03803664
8.7781,0.04285895,0.00908168,0.03731067
8.7879,0.04246601,0.00880737,0.03653125
8.7977,0.0420121,0.00856154,0.03570043
8.8074,0.04150517,0.0083456,0.03483119
8.8172,0.04093848,0.00815346,0.03391141
8.827,0.0403218,0.00798502,0.03295788
8.8368,0.03966091,0.0078372,0.03198083
8.8465,0.03896961,0.00770776,0.03100268
8.8563,0.03824058,0.00759037,0.03001714
8.8661,0.03748803,0.00748274,0.02904954
8.8759,0.03671928,0.00738134,0.02811586
8.8856,0.03594952,0.00728395,0.02724085
8.8954,0.03516976,0.00718582,0.02642171
8.9052,0.03439456,0.00708574,0.02568181
8.915,0.03363019,0.00698211,0.02503324
8.9247,0.03289009,0.00687509,0.02449059
8.9345,0.03216455,0.00676215,0.02404919
8.9443,0.03146657,0.00664464,0.02371846
8.9541,0.03080117,0.0065234,0.02349825
8.9638,0.03017931,0.00640099,0.02338565
8.9736,0.02959257,0.00627652,0.0233716
8.9834,0.0290516,0.00615314,0.02344813
8.9932,0.02855991,0.00603289,0.0236031
9.0029,0.02812456,0.00591894,0.02381995
9.0127,0.02773851,0.00581083,0.02408792
9.0225,0.02740746,0.0057115,0.02438908
9.0323,0.02713113,0.00562237,0.02470736
9.042,0.02690999,0.00554526,0.02502404
9.0518,0.02673669,0.00547929,0.02533132
9.0616,0.02660972,0.00542565,0.02561295
9.0714,0.02652404,0.00538428,0.02585778
9.0811,0.0264742,0.00535507,0.02605492
9.0909,0.02645305,0.00533675,0.0262015
9.1007,0.02645517,0.00532879,0.02629042
9.1105,0.02647495,0.00533016,0.02631892
9.1202,0.02650732,0.00533954,0.0262869
9.13,0.02654961,0.00535596,0.02619475
9.1398,0.02659976,0.00537815,0.02604518
9.1496,0.02665777,0.00540497,0.02584237
9.1593,0.02672468,0.00543501,0.02559459
9.1691,0.02680527,0.0054679,0.02530331
9.1789,0.02690373,0.00550248,0.0249785
9.1887,0.0270259,0.00553797,0.02462871
9.1984,0.02717641,0.00557339,0.02426703
9.2082,0.02736465,0.00560896,0.02389579
9.218,0.02759506,0.00564398,0.02352897
9.2278,0.02787243,0.00567829,0.023177
9.2375,0.02819646,0.00571158,0.0228534
9.2473,0.02857541,0.00574478,0.02256127
9.2571,0.02900587,0.00577802,0.02231305
9.2669,0.02948557,0.005812,0.02211645
9.2766,0.03000485,0.00584728,0.02197853
9.2864,0.03056881,0.0058857,0.02190024
9.2962,0.03116545,0.00592815,0.02188464
9.306,0.03178708,0.00597593,0.02193034
9.3157,0.03241908,0.00602969,0.02203171
9.3255,0.03306656,0.00609161,0.02218371
9.3353,0.03371552,0.00616196,0.02237571
9.3451,0.03435919,0.00624111,0.02259543
9.3548,0.03498537,0.00632794,0.02282631
9.3646,0.03560227,0.00642351,0.02305784
9.3744,0.03619969,0.00652557,0.02327178
9.3842,0.03677491,0.00663209,0.0234525
9.3939,0.0373205,0.00673936,0.0235844
9.4037,0.03784633,0.00684654,0.02365764
9.4135,0.03834549,0.00694914,0.02366047
9.4233,0.03881682,0.00704364,0.0235859
9.433,0.03925455,0.0071258,0.02343238
9.4428,0.03966587,0.00719417,0.02319688
9.4526,0.04004369,0.00724514,0.02288433
9.4624,0.04038499,0.00727665,0.02250191
9.4721,0.04068333,0.00728737,0.02206463
9.4819,0.04094091,0.00727703,0.02157604
9.4917,0.04115019,0.00724573,0.02105487
9.5015,0.04130692,0.00719453,0.0205167
9.5112,0.04140635,0.00712593,0.01998293
9.521,0.04144701,0.00704068,0.01945797
9.5308,0.04142469,0.00694184,0.01896187
9.5406,0.04133738,0.00683196,0.0185076
9.5503,0.04118592,0.00671468,0.01810991
9.5601,0.04096712,0.00658969,0.01776919
9.5699,0.04068313,0.00645979,0.01749604
9.5797,0.0403358,0.00632609,0.0172942
9.5894,0.03993226,0.00619054,0.01716597
9.5992,0.03946754,0.00605029,0.0171078
9.609,0.03894943,0.00590618,0.01711851
9.6188,0.03838239,0.0057573,0.0171935
9.6285,0.03777774,0.00560413,0.01732509
9.6383,0.03712826,0.00544234,0.01750889
9.6481,0.03644568,0.00527245,0.01773579
9.6579,0.03573619,0.00509373,0.01799718
9.6676,0.03501403,0.0049079,0.01828104
9.6774,0.03427159,0.00471142,0.01858415
9.6872,0.0335242,0.00450712,0.01889463
9.697,0.03278049,0.00429657,0.01920359
9.7067,0.032057,0.00408416,0.0194996
9.7165,0.03134837,0.00386819,0.01978093
9.7263,0.03067198,0.00365389,0.02003729
9.7361,0.03003757,0.00344451,0.02026237
9.7458,0.02946008,0.00324531,0.02044914
9.7556,0.0289359,0.00305525,0.02059731
9.7654,0.02847833,0.00287915,0.02070171
9.7752,0.02809264,0.00271919,0.02076051
9.7849,0.02778469,0.00257824,0.02077313
9.7947,0.02754865,0.00245417,0.02074023
9.8045,0.02738583,0.0023485,0.02066274
9.8143,0.027291,0.00226044,0.0205427
9.824,0.02725603,0.00218911,0.02038448
9.8338,0.02726922,0.00213091,0.02018754
9.8436,0.02731753,0.002084,0.01995606
9.8534,0.02738503,0.00204538,0.0196925
9.8631,0.0274534,0.00201222,0.01940196
9.8729,0.02750539,0.0019807,0.01907975
9.8827,0.02752102,0.00194819,0.0187293
9.8925,0.02748127,0.00191203,0.01835043
9.9022,0.02736972,0.00187045,0.0179466
9.912,0.02716794,0.00182091,0.01750808
9.9218,0.02686276,0.00176269,0.01703714
9.9316,0.02644329,0.00169527,0.01653195
9.9413,0.0259082,0.00161953,0.01599661
9.9511,0.0252428,0.0015345,0.01541895
9.9609,0.02445224,0.00144198,0.01480394
9.9707,0.02354073,0.00134337,0.01415219
9.9804,0.0225273,0.00124143,0.01347267
9.9902,0.02140245,0.00113586,0.01275435
10,0.0201906,0.00102957,0.01200836
